order_id,order_date,product_name,quantity,unit_price,gross_sales,discount_amount,refund_amount,net_sales,state
SS3000,2024-01-01,My Hero Academia Backpack,1,48,48,0,0,48,Florida
SS3001,2024-01-01,One Piece Figure,1,35,35,6.42,0,28.58,Illinois
SS3002,2024-01-01,Attack on Titan T-Shirt,1,28,28,0,0,28,Texas
SS3003,2024-01-01,Anime Mystery Box,1,60,60,6.16,0,53.84,Massachusetts
SS3004,2024-01-01,Anime Mystery Box,1,60,60,0,0,60,California
SS3005,2024-01-01,Anime Mystery Box,3,60,180,28.06,0,151.94,Texas
SS3006,2024-01-01,Anime Mystery Box,1,60,60,0,0,60,California
SS3007,2024-01-01,Anime Mystery Box,3,60,180,29.39,0,150.61,Missouri
SS3008,2024-01-01,Anime Mystery Box,3,60,180,0,0,180,Texas
SS3009,2024-01-01,Naruto Hoodie,1,55,55,0,0,55,Tennessee
SS3010,2024-01-01,Demon Slayer Poster,1,15,15,0,0,15,Florida
SS3011,2024-01-01,Anime Mystery Box,3,60,180,0,180,0,Colorado
SS3012,2024-01-01,Naruto Hoodie,1,55,55,0,0,55,Arizona
SS3013,2024-01-01,Naruto Hoodie,1,55,55,0,0,55,Tennessee
SS3014,2024-01-01,Anime Mystery Box,1,60,60,0,0,60,California
SS3015,2024-01-02,Naruto Hoodie,2,55,110,0,0,110,Florida
SS3016,2024-01-02,One Piece Figure,1,35,35,0,0,35,North Carolina
SS3017,2024-01-02,Attack on Titan T-Shirt,3,28,84,0,0,84,Florida
SS3018,2024-01-02,Anime Mystery Box,2,60,120,7.94,0,112.06,Washington
SS3019,2024-01-02,Naruto Hoodie,1,55,55,0,0,55,Arizona
SS3020,2024-01-02,Anime Mystery Box,3,60,180,12.24,0,167.76,Texas
SS3021,2024-01-02,Naruto Hoodie,1,55,55,5.89,0,49.11,North Carolina
SS3022,2024-01-03,Naruto Hoodie,2,55,110,0,0,110,Washington
SS3023,2024-01-03,Naruto Hoodie,2,55,110,17.78,0,92.22,Texas
SS3024,2024-01-03,Naruto Hoodie,2,55,110,0,0,110,Georgia
SS3025,2024-01-03,Naruto Hoodie,2,55,110,13.58,0,96.42,Florida
SS3026,2024-01-03,Dragon Ball Z Hat,2,22,44,0,0,44,California
SS3027,2024-01-03,Anime Mystery Box,2,60,120,0,0,120,Texas
SS3028,2024-01-03,Naruto Hoodie,3,55,165,0,0,165,Florida
SS3029,2024-01-03,Anime Mystery Box,3,60,180,24.96,0,155.04,California
SS3030,2024-01-03,One Piece Figure,1,35,35,6.6,0,28.4,California
SS3031,2024-01-03,Anime Mystery Box,2,60,120,0,0,120,Texas
SS3032,2024-01-03,Jujutsu Kaisen Keychain,3,8,24,4.19,0,19.81,Arizona
SS3033,2024-01-04,Anime Mystery Box,3,60,180,0,0,180,Texas
SS3034,2024-01-04,Naruto Hoodie,1,55,55,0,0,55,Indiana
SS3035,2024-01-04,Demon Slayer Poster,3,15,45,7.37,0,37.63,North Carolina
SS3036,2024-01-04,Anime Mystery Box,2,60,120,0,0,120,Arizona
SS3037,2024-01-04,Naruto Hoodie,3,55,165,0,0,165,Michigan
SS3038,2024-01-04,Anime Mystery Box,3,60,180,14.19,0,165.81,Virginia
SS3039,2024-01-04,Anime Mystery Box,3,60,180,13.11,0,166.89,Texas
SS3040,2024-01-04,One Piece Figure,3,35,105,0,0,105,Michigan
SS3041,2024-01-04,Anime Mystery Box,1,60,60,5.99,0,54.01,Texas
SS3042,2024-01-04,Anime Mystery Box,3,60,180,0,0,180,Florida
SS3043,2024-01-04,Naruto Hoodie,3,55,165,0,0,165,California
SS3044,2024-01-04,Naruto Hoodie,1,55,55,0,0,55,Ohio
SS3045,2024-01-04,Attack on Titan T-Shirt,2,28,56,0,0,56,Arizona
SS3046,2024-01-05,Anime Mystery Box,3,60,180,0,0,180,Massachusetts
SS3047,2024-01-05,Anime Mystery Box,1,60,60,6.16,0,53.84,Michigan
SS3048,2024-01-05,Demon Slayer Poster,1,15,15,2.61,0,12.39,Pennsylvania
SS3049,2024-01-05,Naruto Hoodie,2,55,110,21.66,0,88.34,Florida
SS3050,2024-01-05,One Piece Figure,1,35,35,0,0,35,Michigan
SS3051,2024-01-05,Naruto Hoodie,2,55,110,11.2,0,98.8,Texas
SS3052,2024-01-06,Naruto Hoodie,1,55,55,0,55,0,Ohio
SS3053,2024-01-06,Demon Slayer Poster,3,15,45,0,0,45,California
SS3054,2024-01-06,Demon Slayer Poster,1,15,15,0,0,15,California
SS3055,2024-01-06,Jujutsu Kaisen Keychain,2,8,16,0,0,16,California
SS3056,2024-01-06,One Piece Figure,1,35,35,0,0,35,New York
SS3057,2024-01-06,Jujutsu Kaisen Keychain,3,8,24,0,0,24,New Jersey
SS3058,2024-01-06,One Piece Figure,2,35,70,0,0,70,California
SS3059,2024-01-06,Anime Mystery Box,1,60,60,0,0,60,Arizona
SS3060,2024-01-06,Attack on Titan T-Shirt,2,28,56,6.58,0,49.42,New Jersey
SS3061,2024-01-06,Demon Slayer Poster,2,15,30,2.94,0,27.06,Florida
SS3062,2024-01-06,Attack on Titan T-Shirt,1,28,28,0,0,28,Tennessee
SS3063,2024-01-07,Naruto Hoodie,1,55,55,0,0,55,Colorado
SS3064,2024-01-07,Anime Mystery Box,2,60,120,0,0,120,Virginia
SS3065,2024-01-07,Attack on Titan T-Shirt,1,28,28,0,28,0,California
SS3066,2024-01-07,One Piece Figure,3,35,105,0,0,105,Georgia
SS3067,2024-01-07,Naruto Hoodie,2,55,110,0,0,110,Texas
SS3068,2024-01-07,Naruto Hoodie,3,55,165,0,0,165,California
SS3069,2024-01-07,Jujutsu Kaisen Keychain,3,8,24,0,0,24,Texas
SS3070,2024-01-07,Naruto Hoodie,1,55,55,0,0,55,Texas
SS3071,2024-01-08,Naruto Hoodie,3,55,165,0,0,165,Florida
SS3072,2024-01-08,Attack on Titan T-Shirt,3,28,84,0,0,84,Texas
SS3073,2024-01-08,Anime Mystery Box,3,60,180,0,0,180,Washington
SS3074,2024-01-08,Naruto Hoodie,1,55,55,3.87,0,51.13,Illinois
SS3075,2024-01-08,Dragon Ball Z Hat,1,22,22,0,0,22,Illinois
SS3076,2024-01-08,Naruto Hoodie,1,55,55,0,0,55,North Carolina
SS3077,2024-01-08,Naruto Hoodie,2,55,110,12.13,0,97.87,California
SS3078,2024-01-08,Demon Slayer Poster,2,15,30,0,0,30,Texas
SS3079,2024-01-08,Jujutsu Kaisen Keychain,3,8,24,4.61,0,19.39,California
SS3080,2024-01-08,Anime Mystery Box,3,60,180,0,0,180,California
SS3081,2024-01-08,Naruto Hoodie,3,55,165,16.62,0,148.38,Texas
SS3082,2024-01-08,Dragon Ball Z Hat,3,22,66,0,0,66,Florida
SS3083,2024-01-09,One Piece Figure,2,35,70,0,0,70,Florida
SS3084,2024-01-09,Attack on Titan T-Shirt,3,28,84,0,0,84,Washington
SS3085,2024-01-09,Anime Mystery Box,1,60,60,0,0,60,California
SS3086,2024-01-09,Demon Slayer Poster,1,15,15,0,0,15,Tennessee
SS3087,2024-01-09,Attack on Titan T-Shirt,2,28,56,0,0,56,California
SS3088,2024-01-09,Naruto Hoodie,3,55,165,0,0,165,Texas
SS3089,2024-01-09,Naruto Hoodie,2,55,110,0,0,110,Illinois
SS3090,2024-01-09,Demon Slayer Poster,2,15,30,0,0,30,Florida
SS3091,2024-01-09,My Hero Academia Backpack,2,48,96,0,96,0,California
SS3092,2024-01-09,Naruto Hoodie,3,55,165,22.32,0,142.68,Illinois
SS3093,2024-01-09,Naruto Hoodie,2,55,110,0,0,110,Florida
SS3094,2024-01-09,Naruto Hoodie,1,55,55,0,55,0,Florida
SS3095,2024-01-09,My Hero Academia Backpack,2,48,96,0,0,96,Illinois
SS3096,2024-01-09,My Hero Academia Backpack,1,48,48,3.22,0,44.78,Indiana
SS3097,2024-01-09,Naruto Hoodie,3,55,165,0,0,165,Florida
SS3098,2024-01-09,Anime Mystery Box,1,60,60,0,0,60,Texas
SS3099,2024-01-10,Anime Mystery Box,1,60,60,0,0,60,Texas
SS3100,2024-01-10,Anime Mystery Box,2,60,120,0,0,120,Florida
SS3101,2024-01-10,Jujutsu Kaisen Keychain,2,8,16,0,0,16,California
SS3102,2024-01-10,Anime Mystery Box,3,60,180,0,0,180,Florida
SS3103,2024-01-10,Demon Slayer Poster,1,15,15,2.98,0,12.02,Florida
SS3104,2024-01-10,One Piece Figure,1,35,35,0,0,35,Texas
SS3105,2024-01-10,Dragon Ball Z Hat,3,22,66,0,0,66,California
SS3106,2024-01-10,Naruto Hoodie,3,55,165,0,0,165,Texas
SS3107,2024-01-10,Anime Mystery Box,2,60,120,0,0,120,California
SS3108,2024-01-10,Naruto Hoodie,3,55,165,0,165,0,Florida
SS3109,2024-01-10,Anime Mystery Box,3,60,180,20.12,0,159.88,Illinois
SS3110,2024-01-11,Attack on Titan T-Shirt,2,28,56,10.68,0,45.32,Missouri
SS3111,2024-01-11,Jujutsu Kaisen Keychain,2,8,16,0,0,16,Florida
SS3112,2024-01-11,Anime Mystery Box,1,60,60,0,0,60,Georgia
SS3113,2024-01-11,One Piece Figure,1,35,35,0,0,35,Texas
SS3114,2024-01-11,One Piece Figure,3,35,105,19.05,0,85.95,Texas
SS3115,2024-01-11,Attack on Titan T-Shirt,2,28,56,0,0,56,Texas
SS3116,2024-01-11,Anime Mystery Box,1,60,60,0,0,60,Georgia
SS3117,2024-01-11,Naruto Hoodie,1,55,55,0,0,55,Missouri
SS3118,2024-01-12,Naruto Hoodie,2,55,110,0,0,110,Ohio
SS3119,2024-01-12,Naruto Hoodie,3,55,165,0,0,165,Pennsylvania
SS3120,2024-01-12,Attack on Titan T-Shirt,3,28,84,0,84,0,California
SS3121,2024-01-12,Naruto Hoodie,1,55,55,8.96,0,46.04,California
SS3122,2024-01-12,Naruto Hoodie,2,55,110,0,0,110,North Carolina
SS3123,2024-01-12,Naruto Hoodie,1,55,55,0,0,55,California
SS3124,2024-01-12,Naruto Hoodie,2,55,110,0,0,110,Florida
SS3125,2024-01-12,Attack on Titan T-Shirt,3,28,84,0,0,84,Arizona
SS3126,2024-01-12,Naruto Hoodie,1,55,55,0,0,55,Illinois
SS3127,2024-01-12,Naruto Hoodie,1,55,55,0,0,55,Florida
SS3128,2024-01-12,Naruto Hoodie,2,55,110,0,0,110,Florida
SS3129,2024-01-12,Attack on Titan T-Shirt,1,28,28,1.68,0,26.32,California
SS3130,2024-01-12,Naruto Hoodie,2,55,110,11.15,0,98.85,California
SS3131,2024-01-12,Naruto Hoodie,3,55,165,0,0,165,Florida
SS3132,2024-01-12,Jujutsu Kaisen Keychain,2,8,16,0,0,16,Florida
SS3133,2024-01-12,Anime Mystery Box,3,60,180,0,0,180,Massachusetts
SS3134,2024-01-12,Jujutsu Kaisen Keychain,3,8,24,0,0,24,Nevada
SS3135,2024-01-13,Anime Mystery Box,2,60,120,0,0,120,Texas
SS3136,2024-01-13,Anime Mystery Box,3,60,180,0,0,180,Texas
SS3137,2024-01-13,Attack on Titan T-Shirt,3,28,84,0,0,84,Texas
SS3138,2024-01-13,Naruto Hoodie,1,55,55,0,0,55,Texas
SS3139,2024-01-13,Naruto Hoodie,1,55,55,6.63,0,48.37,California
SS3140,2024-01-13,My Hero Academia Backpack,1,48,48,9.41,0,38.59,Texas
SS3141,2024-01-13,Naruto Hoodie,2,55,110,10.66,0,99.34,Virginia
SS3142,2024-01-13,Dragon Ball Z Hat,3,22,66,0,0,66,Texas
SS3143,2024-01-13,Demon Slayer Poster,1,15,15,0,15,0,California
SS3144,2024-01-13,Jujutsu Kaisen Keychain,2,8,16,0,0,16,Texas
SS3145,2024-01-13,My Hero Academia Backpack,2,48,96,0,0,96,Texas
SS3146,2024-01-13,My Hero Academia Backpack,2,48,96,0,96,0,Texas
SS3147,2024-01-14,Anime Mystery Box,3,60,180,32.73,0,147.27,Missouri
SS3148,2024-01-14,One Piece Figure,2,35,70,0,0,70,Indiana
SS3149,2024-01-14,Demon Slayer Poster,1,15,15,0,0,15,Illinois
SS3150,2024-01-14,My Hero Academia Backpack,1,48,48,0,0,48,Florida
SS3151,2024-01-14,Anime Mystery Box,3,60,180,0,0,180,Illinois
SS3152,2024-01-14,Naruto Hoodie,2,55,110,0,0,110,California
SS3153,2024-01-14,Anime Mystery Box,1,60,60,0,0,60,Virginia
SS3154,2024-01-14,Naruto Hoodie,2,55,110,11.1,0,98.9,Texas
SS3155,2024-01-14,Anime Mystery Box,3,60,180,0,0,180,Colorado
SS3156,2024-01-14,Anime Mystery Box,3,60,180,0,0,180,California
SS3157,2024-01-15,Anime Mystery Box,1,60,60,0,0,60,Virginia
SS3158,2024-01-15,Anime Mystery Box,1,60,60,0,0,60,Illinois
SS3159,2024-01-15,Naruto Hoodie,1,55,55,8.11,0,46.89,Texas
SS3160,2024-01-15,My Hero Academia Backpack,3,48,144,0,0,144,California
SS3161,2024-01-15,Naruto Hoodie,3,55,165,0,0,165,Arizona
SS3162,2024-01-15,Anime Mystery Box,3,60,180,29.87,0,150.13,California
SS3163,2024-01-15,Naruto Hoodie,1,55,55,0,0,55,Florida
SS3164,2024-01-15,Attack on Titan T-Shirt,3,28,84,0,0,84,Texas
SS3165,2024-01-15,Demon Slayer Poster,1,15,15,0,0,15,Illinois
SS3166,2024-01-15,Naruto Hoodie,1,55,55,0,0,55,Virginia
SS3167,2024-01-15,Dragon Ball Z Hat,3,22,66,0,0,66,Nevada
SS3168,2024-01-15,Jujutsu Kaisen Keychain,1,8,8,0,0,8,Georgia
SS3169,2024-01-15,Anime Mystery Box,3,60,180,0,0,180,North Carolina
SS3170,2024-01-15,Naruto Hoodie,3,55,165,0,0,165,Michigan
SS3171,2024-01-15,Naruto Hoodie,3,55,165,0,0,165,Ohio
SS3172,2024-01-16,One Piece Figure,2,35,70,0,0,70,Florida
SS3173,2024-01-16,Jujutsu Kaisen Keychain,1,8,8,0,0,8,Georgia
SS3174,2024-01-16,Dragon Ball Z Hat,3,22,66,0,0,66,California
SS3175,2024-01-16,Anime Mystery Box,2,60,120,0,0,120,California
SS3176,2024-01-16,Naruto Hoodie,3,55,165,0,0,165,Texas
SS3177,2024-01-16,Anime Mystery Box,1,60,60,5.01,0,54.99,Pennsylvania
SS3178,2024-01-17,Anime Mystery Box,3,60,180,0,0,180,New Jersey
SS3179,2024-01-17,Naruto Hoodie,2,55,110,0,0,110,California
SS3180,2024-01-17,Naruto Hoodie,2,55,110,0,0,110,Texas
SS3181,2024-01-17,Anime Mystery Box,2,60,120,0,0,120,Virginia
SS3182,2024-01-17,Anime Mystery Box,1,60,60,0,0,60,Pennsylvania
SS3183,2024-01-17,One Piece Figure,3,35,105,11.36,0,93.64,California
SS3184,2024-01-17,Naruto Hoodie,3,55,165,0,165,0,Texas
SS3185,2024-01-17,Jujutsu Kaisen Keychain,1,8,8,0,0,8,California
SS3186,2024-01-17,Naruto Hoodie,2,55,110,0,0,110,Florida
SS3187,2024-01-17,Dragon Ball Z Hat,2,22,44,0,44,0,California
SS3188,2024-01-17,Naruto Hoodie,2,55,110,0,0,110,Illinois
SS3189,2024-01-17,Anime Mystery Box,2,60,120,8.65,0,111.35,California
SS3190,2024-01-17,Demon Slayer Poster,2,15,30,5.44,0,24.56,Nevada
SS3191,2024-01-18,Naruto Hoodie,1,55,55,0,0,55,Georgia
SS3192,2024-01-18,Anime Mystery Box,2,60,120,21.69,0,98.31,Tennessee
SS3193,2024-01-18,My Hero Academia Backpack,1,48,48,3.93,0,44.07,California
SS3194,2024-01-18,Naruto Hoodie,3,55,165,0,0,165,Virginia
SS3195,2024-01-18,Dragon Ball Z Hat,2,22,44,0,0,44,Texas
SS3196,2024-01-18,Anime Mystery Box,3,60,180,29.13,0,150.87,Michigan
SS3197,2024-01-18,Naruto Hoodie,3,55,165,0,0,165,California
SS3198,2024-01-18,Jujutsu Kaisen Keychain,1,8,8,0,0,8,Texas
SS3199,2024-01-18,Anime Mystery Box,3,60,180,0,0,180,Texas
SS3200,2024-01-18,Naruto Hoodie,2,55,110,0,0,110,California
SS3201,2024-01-19,Naruto Hoodie,2,55,110,0,0,110,California
SS3202,2024-01-19,Jujutsu Kaisen Keychain,1,8,8,0,0,8,Florida
SS3203,2024-01-19,Naruto Hoodie,1,55,55,0,0,55,Virginia
SS3204,2024-01-19,Naruto Hoodie,2,55,110,0,0,110,Michigan
SS3205,2024-01-19,Anime Mystery Box,2,60,120,0,0,120,Florida
SS3206,2024-01-19,My Hero Academia Backpack,2,48,96,0,0,96,California
SS3207,2024-01-19,Naruto Hoodie,2,55,110,0,0,110,Michigan
SS3208,2024-01-19,Anime Mystery Box,2,60,120,0,0,120,Florida
SS3209,2024-01-19,Naruto Hoodie,1,55,55,0,0,55,Arizona
SS3210,2024-01-19,Anime Mystery Box,3,60,180,0,0,180,Virginia
SS3211,2024-01-20,Dragon Ball Z Hat,1,22,22,0,0,22,Washington
SS3212,2024-01-20,Naruto Hoodie,2,55,110,0,0,110,Arizona
SS3213,2024-01-20,Naruto Hoodie,3,55,165,0,0,165,Florida
SS3214,2024-01-20,Anime Mystery Box,2,60,120,6.2,0,113.8,Pennsylvania
SS3215,2024-01-20,Naruto Hoodie,3,55,165,0,0,165,Texas
SS3216,2024-01-20,Jujutsu Kaisen Keychain,1,8,8,0,0,8,Indiana
SS3217,2024-01-20,Demon Slayer Poster,1,15,15,0,0,15,Florida
SS3218,2024-01-20,Jujutsu Kaisen Keychain,1,8,8,0,0,8,Texas
SS3219,2024-01-20,Demon Slayer Poster,2,15,30,1.9,0,28.1,Illinois
SS3220,2024-01-20,Naruto Hoodie,1,55,55,0,0,55,California
SS3221,2024-01-20,Attack on Titan T-Shirt,3,28,84,0,0,84,Florida
SS3222,2024-01-20,Anime Mystery Box,3,60,180,0,0,180,Missouri
SS3223,2024-01-20,Naruto Hoodie,1,55,55,0,0,55,Texas
SS3224,2024-01-20,Naruto Hoodie,3,55,165,0,0,165,Colorado
SS3225,2024-01-20,Jujutsu Kaisen Keychain,1,8,8,0,0,8,Illinois
SS3226,2024-01-20,One Piece Figure,1,35,35,0,0,35,Texas
SS3227,2024-01-20,My Hero Academia Backpack,3,48,144,0,0,144,Missouri
SS3228,2024-01-21,Anime Mystery Box,3,60,180,0,0,180,Texas
SS3229,2024-01-21,One Piece Figure,3,35,105,0,0,105,Illinois
SS3230,2024-01-21,Anime Mystery Box,3,60,180,0,0,180,Texas
SS3231,2024-01-21,My Hero Academia Backpack,2,48,96,0,0,96,Indiana
SS3232,2024-01-21,Anime Mystery Box,2,60,120,15.82,0,104.18,Virginia
SS3233,2024-01-21,Dragon Ball Z Hat,1,22,22,0,0,22,Pennsylvania
SS3234,2024-01-21,Jujutsu Kaisen Keychain,3,8,24,3.97,0,20.03,California
SS3235,2024-01-21,Demon Slayer Poster,1,15,15,0,0,15,Pennsylvania
SS3236,2024-01-22,Naruto Hoodie,2,55,110,10.24,0,99.76,Indiana
SS3237,2024-01-22,Attack on Titan T-Shirt,2,28,56,0,0,56,Texas
SS3238,2024-01-22,Dragon Ball Z Hat,1,22,22,4.01,0,17.99,Texas
SS3239,2024-01-22,Anime Mystery Box,1,60,60,8.99,0,51.01,California
SS3240,2024-01-22,One Piece Figure,2,35,70,0,0,70,Washington
SS3241,2024-01-22,Jujutsu Kaisen Keychain,3,8,24,0,24,0,New Jersey
SS3242,2024-01-22,Demon Slayer Poster,1,15,15,0,0,15,Tennessee
SS3243,2024-01-22,Anime Mystery Box,1,60,60,10.66,0,49.34,Texas
SS3244,2024-01-22,Anime Mystery Box,2,60,120,0,0,120,Florida
SS3245,2024-01-22,Naruto Hoodie,1,55,55,5.34,0,49.66,Missouri
SS3246,2024-01-22,Anime Mystery Box,1,60,60,7.97,0,52.03,California
SS3247,2024-01-22,Anime Mystery Box,3,60,180,0,0,180,Texas
SS3248,2024-01-22,Naruto Hoodie,2,55,110,0,0,110,Texas
SS3249,2024-01-23,One Piece Figure,3,35,105,6.8,0,98.2,Texas
SS3250,2024-01-23,Naruto Hoodie,3,55,165,0,0,165,California
SS3251,2024-01-23,Naruto Hoodie,1,55,55,0,0,55,California
SS3252,2024-01-23,My Hero Academia Backpack,3,48,144,19.87,0,124.13,Texas
SS3253,2024-01-23,Anime Mystery Box,2,60,120,0,0,120,Florida
SS3254,2024-01-23,Jujutsu Kaisen Keychain,3,8,24,4.09,0,19.91,Tennessee
SS3255,2024-01-23,Naruto Hoodie,1,55,55,0,0,55,California
SS3256,2024-01-23,Attack on Titan T-Shirt,3,28,84,8.22,0,75.78,California
SS3257,2024-01-23,One Piece Figure,3,35,105,0,0,105,Michigan
SS3258,2024-01-23,Anime Mystery Box,1,60,60,0,0,60,Pennsylvania
SS3259,2024-01-23,Naruto Hoodie,1,55,55,0,0,55,Texas
SS3260,2024-01-23,Anime Mystery Box,1,60,60,0,0,60,Nevada
SS3261,2024-01-23,Naruto Hoodie,2,55,110,6.78,103.22,0,Virginia
SS3262,2024-01-23,Dragon Ball Z Hat,1,22,22,0,0,22,Texas
SS3263,2024-01-24,My Hero Academia Backpack,3,48,144,0,0,144,North Carolina
SS3264,2024-01-24,Anime Mystery Box,3,60,180,0,0,180,Missouri
SS3265,2024-01-24,Jujutsu Kaisen Keychain,1,8,8,0.65,0,7.35,California
SS3266,2024-01-24,Jujutsu Kaisen Keychain,3,8,24,1.67,0,22.33,Texas
SS3267,2024-01-24,Naruto Hoodie,2,55,110,17.36,0,92.64,Texas
SS3268,2024-01-24,One Piece Figure,2,35,70,0,70,0,Florida
SS3269,2024-01-24,Naruto Hoodie,3,55,165,0,0,165,California
SS3270,2024-01-24,Jujutsu Kaisen Keychain,2,8,16,3.19,0,12.81,Texas
SS3271,2024-01-24,Attack on Titan T-Shirt,1,28,28,3.43,0,24.57,California
SS3272,2024-01-24,Naruto Hoodie,1,55,55,0,0,55,Texas
SS3273,2024-01-25,Anime Mystery Box,1,60,60,0,0,60,Tennessee
SS3274,2024-01-25,Anime Mystery Box,1,60,60,0,0,60,Washington
SS3275,2024-01-25,Dragon Ball Z Hat,2,22,44,0,44,0,North Carolina
SS3276,2024-01-25,Naruto Hoodie,1,55,55,8.23,0,46.77,Texas
SS3277,2024-01-25,Naruto Hoodie,3,55,165,17.67,0,147.33,Texas
SS3278,2024-01-25,Anime Mystery Box,2,60,120,0,0,120,Texas
SS3279,2024-01-25,Naruto Hoodie,3,55,165,0,0,165,California
SS3280,2024-01-26,Jujutsu Kaisen Keychain,3,8,24,0,0,24,Florida
SS3281,2024-01-26,Anime Mystery Box,1,60,60,0,60,0,Florida
SS3282,2024-01-26,My Hero Academia Backpack,3,48,144,22.07,0,121.93,Arizona
SS3283,2024-01-26,Anime Mystery Box,3,60,180,0,0,180,Texas
SS3284,2024-01-26,Anime Mystery Box,3,60,180,0,0,180,Illinois
SS3285,2024-01-26,Naruto Hoodie,2,55,110,0,0,110,Nevada
SS3286,2024-01-26,My Hero Academia Backpack,2,48,96,0,0,96,North Carolina
SS3287,2024-01-26,Dragon Ball Z Hat,1,22,22,0,0,22,Texas
SS3288,2024-01-26,Naruto Hoodie,2,55,110,0,0,110,Florida
SS3289,2024-01-26,Naruto Hoodie,2,55,110,0,0,110,California
SS3290,2024-01-26,Naruto Hoodie,1,55,55,6.92,0,48.08,Ohio
SS3291,2024-01-26,Anime Mystery Box,2,60,120,10.9,0,109.1,Nevada
SS3292,2024-01-26,Naruto Hoodie,3,55,165,0,0,165,Florida
SS3293,2024-01-27,Naruto Hoodie,3,55,165,0,0,165,Georgia
SS3294,2024-01-27,My Hero Academia Backpack,2,48,96,0,0,96,New Jersey
SS3295,2024-01-27,Anime Mystery Box,3,60,180,30.63,0,149.37,California
SS3296,2024-01-27,One Piece Figure,3,35,105,0,0,105,Florida
SS3297,2024-01-27,Naruto Hoodie,1,55,55,7.49,0,47.51,Pennsylvania
SS3298,2024-01-27,Demon Slayer Poster,2,15,30,0,0,30,Massachusetts
SS3299,2024-01-27,Anime Mystery Box,2,60,120,0,0,120,California
SS3300,2024-01-27,Anime Mystery Box,1,60,60,0,0,60,Ohio
SS3301,2024-01-27,Naruto Hoodie,1,55,55,6.76,0,48.24,Florida
SS3302,2024-01-27,Anime Mystery Box,3,60,180,0,0,180,Florida
SS3303,2024-01-27,Naruto Hoodie,3,55,165,0,0,165,North Carolina
SS3304,2024-01-27,Jujutsu Kaisen Keychain,3,8,24,0,24,0,Texas
SS3305,2024-01-27,Anime Mystery Box,2,60,120,0,0,120,Missouri
SS3306,2024-01-27,One Piece Figure,3,35,105,0,0,105,Florida
SS3307,2024-01-27,Naruto Hoodie,3,55,165,0,0,165,North Carolina
SS3308,2024-01-27,One Piece Figure,2,35,70,0,0,70,California
SS3309,2024-01-27,One Piece Figure,2,35,70,0,0,70,New Jersey
SS3310,2024-01-28,Jujutsu Kaisen Keychain,2,8,16,1.08,0,14.92,Texas
SS3311,2024-01-28,Naruto Hoodie,1,55,55,0,0,55,Florida
SS3312,2024-01-28,Naruto Hoodie,3,55,165,0,0,165,North Carolina
SS3313,2024-01-28,Naruto Hoodie,3,55,165,0,0,165,Massachusetts
SS3314,2024-01-28,Demon Slayer Poster,3,15,45,5.47,0,39.53,Georgia
SS3315,2024-01-28,My Hero Academia Backpack,1,48,48,0,0,48,California
SS3316,2024-01-28,Naruto Hoodie,2,55,110,0,0,110,Tennessee
SS3317,2024-01-28,Naruto Hoodie,2,55,110,0,0,110,Michigan
SS3318,2024-01-28,One Piece Figure,2,35,70,0,0,70,California
SS3319,2024-01-28,Anime Mystery Box,3,60,180,0,0,180,Texas
SS3320,2024-01-29,Naruto Hoodie,3,55,165,0,0,165,Florida
SS3321,2024-01-29,Demon Slayer Poster,1,15,15,0,0,15,California
SS3322,2024-01-29,Naruto Hoodie,2,55,110,0,0,110,California
SS3323,2024-01-29,Naruto Hoodie,1,55,55,0,55,0,Illinois
SS3324,2024-01-29,My Hero Academia Backpack,1,48,48,0,0,48,Texas
SS3325,2024-01-29,Anime Mystery Box,1,60,60,0,0,60,Texas
SS3326,2024-01-29,Anime Mystery Box,3,60,180,0,180,0,Tennessee
SS3327,2024-01-29,Anime Mystery Box,2,60,120,0,0,120,Texas
SS3328,2024-01-29,My Hero Academia Backpack,1,48,48,0,0,48,New York
SS3329,2024-01-30,Jujutsu Kaisen Keychain,1,8,8,0,0,8,Texas
SS3330,2024-01-30,Attack on Titan T-Shirt,1,28,28,0,0,28,California
SS3331,2024-01-30,My Hero Academia Backpack,1,48,48,0,0,48,Colorado
SS3332,2024-01-30,Naruto Hoodie,3,55,165,14.94,0,150.06,Florida
SS3333,2024-01-30,Dragon Ball Z Hat,3,22,66,0,0,66,California
SS3334,2024-01-30,Naruto Hoodie,1,55,55,0,0,55,Texas
SS3335,2024-01-30,Anime Mystery Box,2,60,120,0,0,120,Texas
SS3336,2024-01-30,Naruto Hoodie,1,55,55,0,0,55,Indiana
SS3337,2024-01-30,Jujutsu Kaisen Keychain,1,8,8,0,0,8,Arizona
SS3338,2024-01-30,Attack on Titan T-Shirt,2,28,56,0,0,56,Pennsylvania
SS3339,2024-01-30,My Hero Academia Backpack,1,48,48,0,0,48,California
SS3340,2024-01-30,My Hero Academia Backpack,2,48,96,0,0,96,Indiana
SS3341,2024-01-30,Anime Mystery Box,3,60,180,19.79,0,160.21,Texas
SS3342,2024-01-30,One Piece Figure,2,35,70,10.61,0,59.39,California
SS3343,2024-01-30,Attack on Titan T-Shirt,2,28,56,0,0,56,California
SS3344,2024-01-30,Anime Mystery Box,3,60,180,0,0,180,Florida
SS3345,2024-01-31,Naruto Hoodie,3,55,165,0,0,165,Illinois
SS3346,2024-01-31,Naruto Hoodie,1,55,55,0,0,55,California
SS3347,2024-01-31,Jujutsu Kaisen Keychain,3,8,24,0,0,24,Tennessee
SS3348,2024-01-31,Demon Slayer Poster,3,15,45,2.87,0,42.13,Indiana
SS3349,2024-01-31,Naruto Hoodie,2,55,110,0,0,110,California
SS3350,2024-01-31,Anime Mystery Box,1,60,60,0,0,60,Texas
SS3351,2024-01-31,Naruto Hoodie,1,55,55,0,55,0,Ohio
SS3352,2024-01-31,Jujutsu Kaisen Keychain,2,8,16,2.48,0,13.52,California
SS3353,2024-01-31,Naruto Hoodie,3,55,165,0,0,165,Texas
SS3354,2024-01-31,Anime Mystery Box,3,60,180,21.75,0,158.25,Texas
SS3355,2024-01-31,Naruto Hoodie,3,55,165,0,0,165,Missouri
SS3356,2024-02-01,Anime Mystery Box,2,60,120,0,0,120,California
SS3357,2024-02-01,Dragon Ball Z Hat,1,22,22,0,0,22,Arizona
SS3358,2024-02-01,Dragon Ball Z Hat,3,22,66,0,0,66,California
SS3359,2024-02-01,Naruto Hoodie,1,55,55,0,0,55,Indiana
SS3360,2024-02-01,Anime Mystery Box,2,60,120,0,0,120,Washington
SS3361,2024-02-01,Naruto Hoodie,2,55,110,0,0,110,Virginia
SS3362,2024-02-01,One Piece Figure,1,35,35,0,0,35,California
SS3363,2024-02-02,Anime Mystery Box,2,60,120,0,0,120,North Carolina
SS3364,2024-02-02,Anime Mystery Box,3,60,180,0,0,180,Texas
SS3365,2024-02-02,Naruto Hoodie,2,55,110,0,0,110,Texas
SS3366,2024-02-02,Anime Mystery Box,1,60,60,9.21,0,50.79,Texas
SS3367,2024-02-02,Naruto Hoodie,1,55,55,0,0,55,Texas
SS3368,2024-02-02,Anime Mystery Box,2,60,120,0,0,120,Nevada
SS3369,2024-02-02,Anime Mystery Box,3,60,180,33.04,0,146.96,Missouri
SS3370,2024-02-02,Anime Mystery Box,1,60,60,0,0,60,Florida
SS3371,2024-02-02,Anime Mystery Box,1,60,60,0,60,0,California
SS3372,2024-02-02,Anime Mystery Box,2,60,120,0,0,120,Illinois
SS3373,2024-02-03,My Hero Academia Backpack,3,48,144,0,0,144,Texas
SS3374,2024-02-03,My Hero Academia Backpack,3,48,144,0,0,144,Florida
SS3375,2024-02-03,One Piece Figure,2,35,70,0,0,70,Florida
SS3376,2024-02-03,Anime Mystery Box,3,60,180,0,0,180,Texas
SS3377,2024-02-03,Jujutsu Kaisen Keychain,2,8,16,0,0,16,California
SS3378,2024-02-03,Anime Mystery Box,1,60,60,0,0,60,California
SS3379,2024-02-03,Anime Mystery Box,2,60,120,0,0,120,Florida
SS3380,2024-02-03,Anime Mystery Box,2,60,120,18.62,0,101.38,California
SS3381,2024-02-03,Jujutsu Kaisen Keychain,1,8,8,0.53,0,7.47,California
SS3382,2024-02-03,Naruto Hoodie,3,55,165,22.77,0,142.23,Ohio
SS3383,2024-02-03,Naruto Hoodie,2,55,110,16.99,0,93.01,Texas
SS3384,2024-02-03,Anime Mystery Box,2,60,120,0,0,120,Tennessee
SS3385,2024-02-03,Dragon Ball Z Hat,2,22,44,0,0,44,Illinois
SS3386,2024-02-03,Anime Mystery Box,1,60,60,0,0,60,New York
SS3387,2024-02-03,My Hero Academia Backpack,3,48,144,0,0,144,California
SS3388,2024-02-03,Naruto Hoodie,3,55,165,0,0,165,Massachusetts
SS3389,2024-02-03,Anime Mystery Box,1,60,60,0,0,60,Pennsylvania
SS3390,2024-02-04,Naruto Hoodie,1,55,55,0,0,55,Texas
SS3391,2024-02-04,Naruto Hoodie,1,55,55,0,0,55,North Carolina
SS3392,2024-02-04,Attack on Titan T-Shirt,1,28,28,0,0,28,Washington
SS3393,2024-02-04,Demon Slayer Poster,2,15,30,5.08,0,24.92,Texas
SS3394,2024-02-04,Attack on Titan T-Shirt,1,28,28,0,0,28,California
SS3395,2024-02-04,Jujutsu Kaisen Keychain,3,8,24,0,0,24,Texas
SS3396,2024-02-04,Demon Slayer Poster,1,15,15,0,0,15,Texas
SS3397,2024-02-04,One Piece Figure,1,35,35,5.25,29.75,0,Florida
SS3398,2024-02-04,Anime Mystery Box,1,60,60,0,0,60,Arizona
SS3399,2024-02-04,Anime Mystery Box,1,60,60,8.35,0,51.65,Texas
SS3400,2024-02-04,Naruto Hoodie,2,55,110,0,0,110,Florida
SS3401,2024-02-04,Jujutsu Kaisen Keychain,1,8,8,0,0,8,New Jersey
SS3402,2024-02-04,Naruto Hoodie,3,55,165,0,0,165,Florida
SS3403,2024-02-05,Naruto Hoodie,2,55,110,0,0,110,California
SS3404,2024-02-05,Anime Mystery Box,1,60,60,3.82,0,56.18,Arizona
SS3405,2024-02-05,Naruto Hoodie,3,55,165,0,0,165,Texas
SS3406,2024-02-05,Anime Mystery Box,3,60,180,0,0,180,California
SS3407,2024-02-05,Jujutsu Kaisen Keychain,3,8,24,0,0,24,Illinois
SS3408,2024-02-05,Jujutsu Kaisen Keychain,2,8,16,0,0,16,Texas
SS3409,2024-02-05,Naruto Hoodie,3,55,165,0,0,165,California
SS3410,2024-02-05,My Hero Academia Backpack,1,48,48,0,0,48,Georgia
SS3411,2024-02-05,Naruto Hoodie,2,55,110,15.54,0,94.46,Texas
SS3412,2024-02-05,Naruto Hoodie,1,55,55,0,0,55,New York
SS3413,2024-02-05,Anime Mystery Box,2,60,120,0,0,120,California
SS3414,2024-02-05,Anime Mystery Box,1,60,60,0,60,0,California
SS3415,2024-02-05,Attack on Titan T-Shirt,2,28,56,0,0,56,California
SS3416,2024-02-05,Jujutsu Kaisen Keychain,3,8,24,4.31,0,19.69,Pennsylvania
SS3417,2024-02-06,Demon Slayer Poster,2,15,30,2.93,0,27.07,Texas
SS3418,2024-02-06,Naruto Hoodie,1,55,55,0,0,55,Nevada
SS3419,2024-02-06,Naruto Hoodie,3,55,165,16.63,0,148.37,California
SS3420,2024-02-06,Naruto Hoodie,2,55,110,7.79,0,102.21,California
SS3421,2024-02-06,Dragon Ball Z Hat,1,22,22,0,0,22,Florida
SS3422,2024-02-06,Demon Slayer Poster,2,15,30,0,0,30,Florida
SS3423,2024-02-06,Anime Mystery Box,2,60,120,0,0,120,Texas
SS3424,2024-02-06,Naruto Hoodie,3,55,165,0,0,165,Arizona
SS3425,2024-02-06,Naruto Hoodie,3,55,165,20.63,0,144.37,Florida
SS3426,2024-02-06,Naruto Hoodie,1,55,55,0,0,55,Texas
SS3427,2024-02-06,My Hero Academia Backpack,2,48,96,0,0,96,Illinois
SS3428,2024-02-06,Naruto Hoodie,3,55,165,26.79,0,138.21,Texas
SS3429,2024-02-06,Demon Slayer Poster,3,15,45,7.64,0,37.36,Texas
SS3430,2024-02-06,Naruto Hoodie,1,55,55,0,0,55,California
SS3431,2024-02-06,Attack on Titan T-Shirt,3,28,84,0,0,84,California
SS3432,2024-02-06,One Piece Figure,1,35,35,0,0,35,New York
SS3433,2024-02-06,Demon Slayer Poster,1,15,15,0,15,0,Texas
SS3434,2024-02-07,Naruto Hoodie,1,55,55,0,0,55,Ohio
SS3435,2024-02-07,Anime Mystery Box,3,60,180,0,0,180,Washington
SS3436,2024-02-07,Anime Mystery Box,3,60,180,0,0,180,Indiana
SS3437,2024-02-07,Anime Mystery Box,2,60,120,23.67,0,96.33,Georgia
SS3438,2024-02-07,My Hero Academia Backpack,1,48,48,5.73,0,42.27,Missouri
SS3439,2024-02-07,Naruto Hoodie,3,55,165,0,0,165,Texas
SS3440,2024-02-07,Dragon Ball Z Hat,3,22,66,0,0,66,Florida
SS3441,2024-02-07,My Hero Academia Backpack,3,48,144,0,0,144,Colorado
SS3442,2024-02-07,Naruto Hoodie,1,55,55,0,0,55,Florida
SS3443,2024-02-07,Naruto Hoodie,1,55,55,0,0,55,Florida
SS3444,2024-02-07,Demon Slayer Poster,2,15,30,0,30,0,Florida
SS3445,2024-02-08,Attack on Titan T-Shirt,1,28,28,0,0,28,New York
SS3446,2024-02-08,Dragon Ball Z Hat,2,22,44,7.84,0,36.16,California
SS3447,2024-02-08,Naruto Hoodie,2,55,110,15.02,0,94.98,California
SS3448,2024-02-08,Jujutsu Kaisen Keychain,1,8,8,0.63,0,7.37,Nevada
SS3449,2024-02-08,One Piece Figure,1,35,35,0,0,35,California
SS3450,2024-02-08,Anime Mystery Box,1,60,60,0,0,60,Texas
SS3451,2024-02-08,Anime Mystery Box,3,60,180,16.81,0,163.19,Florida
SS3452,2024-02-08,Anime Mystery Box,3,60,180,9.39,0,170.61,Florida
SS3453,2024-02-08,Naruto Hoodie,1,55,55,0,0,55,Virginia
SS3454,2024-02-08,Jujutsu Kaisen Keychain,1,8,8,0,0,8,Texas
SS3455,2024-02-08,Naruto Hoodie,3,55,165,25.74,0,139.26,Florida
SS3456,2024-02-08,Naruto Hoodie,1,55,55,0,0,55,Indiana
SS3457,2024-02-08,Jujutsu Kaisen Keychain,1,8,8,0,0,8,Michigan
SS3458,2024-02-08,Anime Mystery Box,1,60,60,0,0,60,California
SS3459,2024-02-08,Naruto Hoodie,2,55,110,12.91,0,97.09,Illinois
SS3460,2024-02-08,One Piece Figure,3,35,105,8.85,0,96.15,Washington
SS3461,2024-02-09,Naruto Hoodie,1,55,55,7.44,0,47.56,California
SS3462,2024-02-09,Dragon Ball Z Hat,2,22,44,0,44,0,Illinois
SS3463,2024-02-09,Naruto Hoodie,3,55,165,9.83,0,155.17,Illinois
SS3464,2024-02-09,One Piece Figure,3,35,105,0,0,105,Texas
SS3465,2024-02-09,Anime Mystery Box,2,60,120,6,0,114,Florida
SS3466,2024-02-09,My Hero Academia Backpack,3,48,144,0,0,144,California
SS3467,2024-02-09,Naruto Hoodie,2,55,110,0,0,110,California
SS3468,2024-02-09,Naruto Hoodie,3,55,165,0,0,165,Florida
SS3469,2024-02-09,One Piece Figure,2,35,70,0,0,70,New Jersey
SS3470,2024-02-09,One Piece Figure,2,35,70,0,0,70,Florida
SS3471,2024-02-09,Naruto Hoodie,3,55,165,0,0,165,North Carolina
SS3472,2024-02-09,My Hero Academia Backpack,2,48,96,8.36,0,87.64,New Jersey
SS3473,2024-02-09,Anime Mystery Box,1,60,60,0,0,60,California
SS3474,2024-02-09,Jujutsu Kaisen Keychain,2,8,16,0,0,16,Florida
SS3475,2024-02-09,Attack on Titan T-Shirt,2,28,56,0,0,56,Tennessee
SS3476,2024-02-09,Anime Mystery Box,2,60,120,0,0,120,Texas
SS3477,2024-02-10,Anime Mystery Box,1,60,60,0,0,60,Florida
SS3478,2024-02-10,Naruto Hoodie,1,55,55,0,55,0,Texas
SS3479,2024-02-10,Dragon Ball Z Hat,2,22,44,8.63,0,35.37,Florida
SS3480,2024-02-10,Naruto Hoodie,1,55,55,0,0,55,Texas
SS3481,2024-02-10,My Hero Academia Backpack,2,48,96,0,0,96,Pennsylvania
SS3482,2024-02-10,Naruto Hoodie,3,55,165,0,0,165,California
SS3483,2024-02-10,Jujutsu Kaisen Keychain,3,8,24,0,0,24,New York
SS3484,2024-02-10,Naruto Hoodie,2,55,110,0,0,110,Missouri
SS3485,2024-02-10,Anime Mystery Box,3,60,180,19.84,160.16,0,Texas
SS3486,2024-02-10,Naruto Hoodie,2,55,110,0,0,110,Massachusetts
SS3487,2024-02-10,One Piece Figure,3,35,105,0,0,105,California
SS3488,2024-02-10,Dragon Ball Z Hat,2,22,44,6.85,0,37.15,Texas
SS3489,2024-02-10,Naruto Hoodie,1,55,55,0,0,55,North Carolina
SS3490,2024-02-10,Naruto Hoodie,3,55,165,21.12,0,143.88,Pennsylvania
SS3491,2024-02-10,Anime Mystery Box,3,60,180,0,0,180,Pennsylvania
SS3492,2024-02-10,My Hero Academia Backpack,1,48,48,7.7,40.3,0,California
SS3493,2024-02-10,Anime Mystery Box,3,60,180,0,180,0,Tennessee
SS3494,2024-02-11,Naruto Hoodie,2,55,110,0,0,110,Texas
SS3495,2024-02-11,One Piece Figure,3,35,105,18.74,0,86.26,Florida
SS3496,2024-02-11,One Piece Figure,2,35,70,0,0,70,California
SS3497,2024-02-11,Naruto Hoodie,2,55,110,14.76,0,95.24,Florida
SS3498,2024-02-11,Naruto Hoodie,1,55,55,0,0,55,Texas
SS3499,2024-02-11,Naruto Hoodie,2,55,110,0,0,110,Texas
SS3500,2024-02-11,Anime Mystery Box,3,60,180,0,0,180,California
SS3501,2024-02-11,Anime Mystery Box,3,60,180,0,0,180,California
SS3502,2024-02-11,One Piece Figure,3,35,105,0,0,105,Texas
SS3503,2024-02-12,My Hero Academia Backpack,1,48,48,9.4,0,38.6,California
SS3504,2024-02-12,Naruto Hoodie,3,55,165,0,0,165,Florida
SS3505,2024-02-12,Naruto Hoodie,3,55,165,0,0,165,New York
SS3506,2024-02-12,Naruto Hoodie,3,55,165,0,0,165,Florida
SS3507,2024-02-12,Naruto Hoodie,1,55,55,0,0,55,California
SS3508,2024-02-12,Demon Slayer Poster,3,15,45,0,0,45,California
SS3509,2024-02-12,Anime Mystery Box,3,60,180,0,0,180,Texas
SS3510,2024-02-12,Attack on Titan T-Shirt,2,28,56,8.81,47.19,0,Florida
SS3511,2024-02-12,Naruto Hoodie,1,55,55,0,0,55,Florida
SS3512,2024-02-12,Dragon Ball Z Hat,1,22,22,1.31,0,20.69,Nevada
SS3513,2024-02-13,One Piece Figure,2,35,70,5.14,64.86,0,California
SS3514,2024-02-13,Dragon Ball Z Hat,3,22,66,0,0,66,Florida
SS3515,2024-02-13,Naruto Hoodie,3,55,165,0,0,165,Pennsylvania
SS3516,2024-02-13,Dragon Ball Z Hat,1,22,22,0,0,22,Virginia
SS3517,2024-02-13,Naruto Hoodie,1,55,55,6.9,0,48.1,Texas
SS3518,2024-02-13,Naruto Hoodie,1,55,55,0,0,55,Massachusetts
SS3519,2024-02-13,My Hero Academia Backpack,2,48,96,0,0,96,New Jersey
SS3520,2024-02-13,Anime Mystery Box,3,60,180,0,0,180,Michigan
SS3521,2024-02-13,Demon Slayer Poster,3,15,45,5.7,0,39.3,Texas
SS3522,2024-02-13,One Piece Figure,3,35,105,0,0,105,California
SS3523,2024-02-13,My Hero Academia Backpack,3,48,144,0,0,144,California
SS3524,2024-02-14,Anime Mystery Box,1,60,60,0,0,60,California
SS3525,2024-02-14,Anime Mystery Box,2,60,120,0,0,120,Arizona
SS3526,2024-02-14,Naruto Hoodie,1,55,55,5.02,0,49.98,Missouri
SS3527,2024-02-14,Demon Slayer Poster,3,15,45,0,0,45,New York
SS3528,2024-02-14,Demon Slayer Poster,2,15,30,3.84,0,26.16,California
SS3529,2024-02-14,Anime Mystery Box,1,60,60,0,0,60,California
SS3530,2024-02-14,Naruto Hoodie,3,55,165,0,0,165,California
SS3531,2024-02-14,My Hero Academia Backpack,3,48,144,0,0,144,Florida
SS3532,2024-02-14,Naruto Hoodie,1,55,55,0,55,0,Nevada
SS3533,2024-02-14,Dragon Ball Z Hat,3,22,66,10.06,0,55.94,California
SS3534,2024-02-14,My Hero Academia Backpack,3,48,144,0,0,144,Washington
SS3535,2024-02-14,Naruto Hoodie,2,55,110,0,0,110,Tennessee
SS3536,2024-02-14,Anime Mystery Box,2,60,120,0,0,120,Texas
SS3537,2024-02-14,Anime Mystery Box,1,60,60,0,0,60,Florida
SS3538,2024-02-14,Anime Mystery Box,1,60,60,0,0,60,Texas
SS3539,2024-02-15,Naruto Hoodie,3,55,165,11.61,0,153.39,Texas
SS3540,2024-02-15,Demon Slayer Poster,3,15,45,0,0,45,Virginia
SS3541,2024-02-15,Naruto Hoodie,3,55,165,0,0,165,California
SS3542,2024-02-15,My Hero Academia Backpack,3,48,144,0,0,144,Michigan
SS3543,2024-02-15,Anime Mystery Box,2,60,120,17.97,102.03,0,Texas
SS3544,2024-02-15,Naruto Hoodie,2,55,110,0,0,110,Texas
SS3545,2024-02-15,Anime Mystery Box,3,60,180,0,0,180,Texas
SS3546,2024-02-16,Anime Mystery Box,2,60,120,10.7,0,109.3,Florida
SS3547,2024-02-16,Naruto Hoodie,3,55,165,0,0,165,Florida
SS3548,2024-02-16,Naruto Hoodie,3,55,165,19.33,0,145.67,Illinois
SS3549,2024-02-16,One Piece Figure,1,35,35,0,0,35,California
SS3550,2024-02-16,One Piece Figure,3,35,105,0,0,105,Arizona
SS3551,2024-02-16,Naruto Hoodie,1,55,55,0,0,55,California
SS3552,2024-02-16,Anime Mystery Box,1,60,60,9.42,0,50.58,Texas
SS3553,2024-02-16,Naruto Hoodie,1,55,55,0,0,55,Georgia
SS3554,2024-02-16,Anime Mystery Box,2,60,120,15.84,0,104.16,California
SS3555,2024-02-16,Anime Mystery Box,1,60,60,0,0,60,Florida
SS3556,2024-02-16,Anime Mystery Box,2,60,120,0,0,120,Florida
SS3557,2024-02-16,Dragon Ball Z Hat,1,22,22,0,0,22,Washington
SS3558,2024-02-16,One Piece Figure,2,35,70,0,0,70,Indiana
SS3559,2024-02-16,Naruto Hoodie,2,55,110,0,0,110,Texas
SS3560,2024-02-16,Jujutsu Kaisen Keychain,1,8,8,0,0,8,California
SS3561,2024-02-16,Attack on Titan T-Shirt,2,28,56,0,0,56,Florida
SS3562,2024-02-16,My Hero Academia Backpack,3,48,144,0,0,144,Colorado
SS3563,2024-02-17,Anime Mystery Box,1,60,60,8.99,0,51.01,Colorado
SS3564,2024-02-17,Demon Slayer Poster,1,15,15,0,0,15,Texas
SS3565,2024-02-17,Attack on Titan T-Shirt,3,28,84,0,84,0,Florida
SS3566,2024-02-17,Naruto Hoodie,2,55,110,14.29,0,95.71,Florida
SS3567,2024-02-17,Naruto Hoodie,2,55,110,0,0,110,Florida
SS3568,2024-02-17,Naruto Hoodie,1,55,55,0,0,55,Florida
SS3569,2024-02-17,Anime Mystery Box,2,60,120,23.84,0,96.16,Texas
SS3570,2024-02-18,Anime Mystery Box,1,60,60,0,0,60,Arizona
SS3571,2024-02-18,One Piece Figure,1,35,35,2.35,0,32.65,Missouri
SS3572,2024-02-18,Jujutsu Kaisen Keychain,2,8,16,0,0,16,Texas
SS3573,2024-02-18,Jujutsu Kaisen Keychain,2,8,16,0,0,16,Pennsylvania
SS3574,2024-02-18,Attack on Titan T-Shirt,3,28,84,16.01,0,67.99,California
SS3575,2024-02-18,Naruto Hoodie,3,55,165,0,165,0,California
SS3576,2024-02-18,Naruto Hoodie,1,55,55,5.09,0,49.91,California
SS3577,2024-02-18,Naruto Hoodie,1,55,55,0,0,55,Washington
SS3578,2024-02-18,Demon Slayer Poster,2,15,30,2.2,0,27.8,Texas
SS3579,2024-02-18,Naruto Hoodie,3,55,165,0,0,165,Florida
SS3580,2024-02-18,Jujutsu Kaisen Keychain,2,8,16,0,0,16,Virginia
SS3581,2024-02-18,Anime Mystery Box,3,60,180,0,0,180,California
SS3582,2024-02-19,Naruto Hoodie,3,55,165,13.6,0,151.4,Georgia
SS3583,2024-02-19,Dragon Ball Z Hat,3,22,66,9.81,0,56.19,California
SS3584,2024-02-19,Naruto Hoodie,1,55,55,0,55,0,Texas
SS3585,2024-02-19,My Hero Academia Backpack,3,48,144,0,0,144,Washington
SS3586,2024-02-19,Naruto Hoodie,2,55,110,19.71,0,90.29,Pennsylvania
SS3587,2024-02-19,Attack on Titan T-Shirt,2,28,56,6.01,0,49.99,Washington
SS3588,2024-02-19,Jujutsu Kaisen Keychain,2,8,16,0.84,15.16,0,Florida
SS3589,2024-02-19,Dragon Ball Z Hat,1,22,22,0,0,22,Massachusetts
SS3590,2024-02-19,Demon Slayer Poster,2,15,30,4.49,0,25.51,Texas
SS3591,2024-02-19,Jujutsu Kaisen Keychain,1,8,8,0.41,0,7.59,Texas
SS3592,2024-02-19,One Piece Figure,2,35,70,0,0,70,Texas
SS3593,2024-02-19,Anime Mystery Box,1,60,60,0,60,0,Texas
SS3594,2024-02-19,My Hero Academia Backpack,1,48,48,0,0,48,California
SS3595,2024-02-19,Naruto Hoodie,3,55,165,0,0,165,California
SS3596,2024-02-19,One Piece Figure,3,35,105,0,0,105,Texas
SS3597,2024-02-19,Jujutsu Kaisen Keychain,3,8,24,2.79,0,21.21,Texas
SS3598,2024-02-19,Dragon Ball Z Hat,2,22,44,0,0,44,Texas
SS3599,2024-02-20,Demon Slayer Poster,1,15,15,0,0,15,Florida
SS3600,2024-02-20,Anime Mystery Box,2,60,120,0,0,120,Florida
SS3601,2024-02-20,Naruto Hoodie,2,55,110,0,0,110,Washington
SS3602,2024-02-20,Anime Mystery Box,2,60,120,12.46,0,107.54,California
SS3603,2024-02-20,Naruto Hoodie,3,55,165,25.75,0,139.25,California
SS3604,2024-02-20,Demon Slayer Poster,2,15,30,3.63,0,26.37,Texas
SS3605,2024-02-20,Naruto Hoodie,1,55,55,0,0,55,Texas
SS3606,2024-02-20,Demon Slayer Poster,2,15,30,1.76,0,28.24,California
SS3607,2024-02-20,Anime Mystery Box,3,60,180,0,0,180,Georgia
SS3608,2024-02-20,Jujutsu Kaisen Keychain,2,8,16,0,0,16,Texas
SS3609,2024-02-20,Naruto Hoodie,3,55,165,0,165,0,Florida
SS3610,2024-02-20,Anime Mystery Box,2,60,120,0,0,120,Georgia
SS3611,2024-02-20,Anime Mystery Box,3,60,180,0,0,180,Tennessee
SS3612,2024-02-20,Anime Mystery Box,2,60,120,0,0,120,Florida
SS3613,2024-02-21,Anime Mystery Box,2,60,120,0,0,120,Texas
SS3614,2024-02-21,Anime Mystery Box,1,60,60,9.43,0,50.57,Tennessee
SS3615,2024-02-21,Naruto Hoodie,1,55,55,0,0,55,California
SS3616,2024-02-21,One Piece Figure,1,35,35,0,0,35,Indiana
SS3617,2024-02-21,Anime Mystery Box,1,60,60,0,0,60,California
SS3618,2024-02-21,Anime Mystery Box,1,60,60,0,60,0,Arizona
SS3619,2024-02-21,Attack on Titan T-Shirt,2,28,56,0,0,56,Ohio
SS3620,2024-02-21,Naruto Hoodie,2,55,110,0,0,110,Massachusetts
SS3621,2024-02-21,Anime Mystery Box,2,60,120,0,120,0,Texas
SS3622,2024-02-21,Anime Mystery Box,2,60,120,0,0,120,Washington
SS3623,2024-02-21,Naruto Hoodie,2,55,110,0,0,110,Florida
SS3624,2024-02-21,Dragon Ball Z Hat,1,22,22,3.98,0,18.02,Florida
SS3625,2024-02-22,Anime Mystery Box,3,60,180,0,0,180,California
SS3626,2024-02-22,Anime Mystery Box,1,60,60,0,0,60,Michigan
SS3627,2024-02-22,Jujutsu Kaisen Keychain,3,8,24,0,0,24,Florida
SS3628,2024-02-22,Anime Mystery Box,1,60,60,0,0,60,Texas
SS3629,2024-02-22,Anime Mystery Box,2,60,120,0,0,120,Pennsylvania
SS3630,2024-02-22,My Hero Academia Backpack,3,48,144,0,0,144,California
SS3631,2024-02-22,Demon Slayer Poster,1,15,15,0,0,15,Florida
SS3632,2024-02-22,Jujutsu Kaisen Keychain,1,8,8,0,0,8,Massachusetts
SS3633,2024-02-22,Naruto Hoodie,1,55,55,0,0,55,Texas
SS3634,2024-02-22,One Piece Figure,2,35,70,0,0,70,California
SS3635,2024-02-22,Naruto Hoodie,1,55,55,2.89,0,52.11,Illinois
SS3636,2024-02-22,One Piece Figure,2,35,70,0,0,70,California
SS3637,2024-02-22,Dragon Ball Z Hat,3,22,66,0,0,66,Missouri
SS3638,2024-02-22,My Hero Academia Backpack,1,48,48,6,0,42,Tennessee
SS3639,2024-02-22,Dragon Ball Z Hat,1,22,22,0,0,22,California
SS3640,2024-02-22,Anime Mystery Box,1,60,60,0,0,60,Texas
SS3641,2024-02-23,Naruto Hoodie,3,55,165,18.33,0,146.67,Texas
SS3642,2024-02-23,Demon Slayer Poster,1,15,15,2.78,12.22,0,California
SS3643,2024-02-23,Anime Mystery Box,1,60,60,4.01,55.99,0,New Jersey
SS3644,2024-02-23,Attack on Titan T-Shirt,3,28,84,0,0,84,California
SS3645,2024-02-23,Anime Mystery Box,2,60,120,0,0,120,Texas
SS3646,2024-02-23,Naruto Hoodie,1,55,55,0,0,55,California
SS3647,2024-02-23,Dragon Ball Z Hat,3,22,66,0,0,66,Florida
SS3648,2024-02-23,Jujutsu Kaisen Keychain,2,8,16,0,0,16,Colorado
SS3649,2024-02-24,Anime Mystery Box,2,60,120,0,120,0,Florida
SS3650,2024-02-24,My Hero Academia Backpack,1,48,48,6.33,0,41.67,Florida
SS3651,2024-02-24,My Hero Academia Backpack,2,48,96,13.03,0,82.97,Florida
SS3652,2024-02-24,Naruto Hoodie,2,55,110,0,0,110,Michigan
SS3653,2024-02-24,Naruto Hoodie,2,55,110,0,0,110,Florida
SS3654,2024-02-24,Naruto Hoodie,1,55,55,0,0,55,California
SS3655,2024-02-24,One Piece Figure,3,35,105,0,0,105,Florida
SS3656,2024-02-24,Attack on Titan T-Shirt,3,28,84,0,0,84,Texas
SS3657,2024-02-24,My Hero Academia Backpack,3,48,144,0,0,144,California
SS3658,2024-02-24,Jujutsu Kaisen Keychain,3,8,24,0,0,24,Ohio
SS3659,2024-02-24,Dragon Ball Z Hat,3,22,66,0,0,66,Texas
SS3660,2024-02-24,Jujutsu Kaisen Keychain,2,8,16,1.61,0,14.39,Michigan
SS3661,2024-02-24,Anime Mystery Box,1,60,60,0,0,60,Ohio
SS3662,2024-02-25,Naruto Hoodie,1,55,55,0,0,55,North Carolina
SS3663,2024-02-25,Jujutsu Kaisen Keychain,2,8,16,0,0,16,Georgia
SS3664,2024-02-25,Anime Mystery Box,3,60,180,0,0,180,Illinois
SS3665,2024-02-25,Demon Slayer Poster,1,15,15,1.94,0,13.06,Florida
SS3666,2024-02-25,Naruto Hoodie,2,55,110,0,0,110,Massachusetts
SS3667,2024-02-25,Naruto Hoodie,1,55,55,0,0,55,Indiana
SS3668,2024-02-25,Naruto Hoodie,1,55,55,0,0,55,Michigan
SS3669,2024-02-25,Anime Mystery Box,1,60,60,0,0,60,Florida
SS3670,2024-02-26,Demon Slayer Poster,3,15,45,0,0,45,California
SS3671,2024-02-26,One Piece Figure,3,35,105,0,0,105,Washington
SS3672,2024-02-26,Anime Mystery Box,2,60,120,0,0,120,Tennessee
SS3673,2024-02-26,Anime Mystery Box,3,60,180,0,0,180,Florida
SS3674,2024-02-26,Attack on Titan T-Shirt,3,28,84,0,0,84,Florida
SS3675,2024-02-26,Naruto Hoodie,3,55,165,30.42,0,134.58,Florida
SS3676,2024-02-27,Dragon Ball Z Hat,3,22,66,0,0,66,Florida
SS3677,2024-02-27,Anime Mystery Box,3,60,180,0,0,180,Texas
SS3678,2024-02-27,Anime Mystery Box,3,60,180,31.18,0,148.82,Florida
SS3679,2024-02-27,Anime Mystery Box,1,60,60,0,0,60,Arizona
SS3680,2024-02-27,Jujutsu Kaisen Keychain,3,8,24,0,0,24,California
SS3681,2024-02-27,My Hero Academia Backpack,2,48,96,0,0,96,Pennsylvania
SS3682,2024-02-27,Naruto Hoodie,1,55,55,0,0,55,Texas
SS3683,2024-02-27,Anime Mystery Box,1,60,60,0,0,60,California
SS3684,2024-02-27,One Piece Figure,1,35,35,0,0,35,Missouri
SS3685,2024-02-27,My Hero Academia Backpack,2,48,96,0,0,96,Texas
SS3686,2024-02-27,Naruto Hoodie,2,55,110,0,0,110,Michigan
SS3687,2024-02-27,Naruto Hoodie,2,55,110,0,0,110,New Jersey
SS3688,2024-02-27,Dragon Ball Z Hat,1,22,22,0,0,22,Missouri
SS3689,2024-02-27,Anime Mystery Box,1,60,60,7.53,0,52.47,Massachusetts
SS3690,2024-02-27,Naruto Hoodie,2,55,110,0,0,110,Nevada
SS3691,2024-02-27,My Hero Academia Backpack,1,48,48,0,0,48,Texas
SS3692,2024-02-27,Naruto Hoodie,2,55,110,0,0,110,Illinois
SS3693,2024-02-27,Jujutsu Kaisen Keychain,2,8,16,2.46,0,13.54,Texas
SS3694,2024-02-28,Anime Mystery Box,2,60,120,0,0,120,Texas
SS3695,2024-02-28,Dragon Ball Z Hat,1,22,22,0,0,22,California
SS3696,2024-02-28,Naruto Hoodie,1,55,55,0,55,0,Texas
SS3697,2024-02-28,Jujutsu Kaisen Keychain,1,8,8,1.35,0,6.65,Florida
SS3698,2024-02-28,Anime Mystery Box,2,60,120,0,0,120,Indiana
SS3699,2024-02-28,Naruto Hoodie,1,55,55,0,0,55,Colorado
SS3700,2024-02-28,Demon Slayer Poster,2,15,30,5.11,0,24.89,California
SS3701,2024-02-28,Naruto Hoodie,3,55,165,0,0,165,Texas
SS3702,2024-02-29,Demon Slayer Poster,3,15,45,0,0,45,Pennsylvania
SS3703,2024-02-29,Naruto Hoodie,3,55,165,0,0,165,Georgia
SS3704,2024-02-29,Demon Slayer Poster,1,15,15,0,0,15,Texas
SS3705,2024-02-29,Naruto Hoodie,2,55,110,0,0,110,Texas
SS3706,2024-02-29,Anime Mystery Box,2,60,120,0,0,120,Florida
SS3707,2024-02-29,Naruto Hoodie,3,55,165,0,0,165,Missouri
SS3708,2024-02-29,Naruto Hoodie,1,55,55,0,0,55,Florida
SS3709,2024-02-29,Naruto Hoodie,3,55,165,0,0,165,Georgia
SS3710,2024-02-29,Attack on Titan T-Shirt,1,28,28,0,0,28,Virginia
SS3711,2024-02-29,Naruto Hoodie,1,55,55,8.17,0,46.83,Florida
SS3712,2024-02-29,Anime Mystery Box,2,60,120,0,0,120,Illinois
SS3713,2024-02-29,Naruto Hoodie,2,55,110,13.42,0,96.58,Georgia
SS3714,2024-02-29,Jujutsu Kaisen Keychain,1,8,8,0,0,8,Florida
SS3715,2024-02-29,Attack on Titan T-Shirt,2,28,56,0,0,56,Nevada
SS3716,2024-02-29,Naruto Hoodie,2,55,110,13.6,0,96.4,Florida
SS3717,2024-03-01,Anime Mystery Box,2,60,120,0,0,120,Florida
SS3718,2024-03-01,Anime Mystery Box,2,60,120,0,0,120,Florida
SS3719,2024-03-01,Attack on Titan T-Shirt,2,28,56,3.55,0,52.45,California
SS3720,2024-03-01,Demon Slayer Poster,3,15,45,0,0,45,Florida
SS3721,2024-03-01,Naruto Hoodie,2,55,110,0,0,110,California
SS3722,2024-03-01,Anime Mystery Box,3,60,180,0,0,180,Florida
SS3723,2024-03-01,Attack on Titan T-Shirt,2,28,56,0,0,56,New York
SS3724,2024-03-01,Anime Mystery Box,2,60,120,0,0,120,California
SS3725,2024-03-02,Attack on Titan T-Shirt,3,28,84,0,0,84,Texas
SS3726,2024-03-02,One Piece Figure,3,35,105,20.38,0,84.62,Texas
SS3727,2024-03-02,Naruto Hoodie,2,55,110,0,0,110,Texas
SS3728,2024-03-02,One Piece Figure,1,35,35,0,0,35,Florida
SS3729,2024-03-02,Naruto Hoodie,1,55,55,4.23,0,50.77,Georgia
SS3730,2024-03-02,Dragon Ball Z Hat,3,22,66,0,0,66,Texas
SS3731,2024-03-02,Dragon Ball Z Hat,2,22,44,0,0,44,Illinois
SS3732,2024-03-02,Jujutsu Kaisen Keychain,2,8,16,0,0,16,Florida
SS3733,2024-03-02,Dragon Ball Z Hat,3,22,66,0,0,66,Texas
SS3734,2024-03-02,Naruto Hoodie,3,55,165,0,0,165,Texas
SS3735,2024-03-02,Naruto Hoodie,1,55,55,0,0,55,Texas
SS3736,2024-03-03,Jujutsu Kaisen Keychain,2,8,16,0,0,16,Nevada
SS3737,2024-03-03,Jujutsu Kaisen Keychain,1,8,8,0,0,8,Texas
SS3738,2024-03-03,Naruto Hoodie,1,55,55,0,0,55,Florida
SS3739,2024-03-03,Jujutsu Kaisen Keychain,2,8,16,0,0,16,Florida
SS3740,2024-03-03,My Hero Academia Backpack,3,48,144,23.04,0,120.96,New Jersey
SS3741,2024-03-03,Anime Mystery Box,1,60,60,0,0,60,Texas
SS3742,2024-03-03,Naruto Hoodie,3,55,165,0,165,0,Missouri
SS3743,2024-03-03,Anime Mystery Box,2,60,120,0,0,120,California
SS3744,2024-03-03,Dragon Ball Z Hat,1,22,22,0,0,22,Missouri
SS3745,2024-03-03,Anime Mystery Box,3,60,180,0,0,180,Texas
SS3746,2024-03-03,Anime Mystery Box,2,60,120,0,0,120,Arizona
SS3747,2024-03-03,Jujutsu Kaisen Keychain,3,8,24,0,0,24,Florida
SS3748,2024-03-03,Jujutsu Kaisen Keychain,2,8,16,0,0,16,California
SS3749,2024-03-03,One Piece Figure,1,35,35,0,0,35,Tennessee
SS3750,2024-03-03,Naruto Hoodie,3,55,165,12.65,0,152.35,Texas
SS3751,2024-03-04,Naruto Hoodie,2,55,110,0,0,110,Texas
SS3752,2024-03-04,Anime Mystery Box,1,60,60,0,0,60,Arizona
SS3753,2024-03-04,Anime Mystery Box,3,60,180,0,0,180,Ohio
SS3754,2024-03-04,Naruto Hoodie,2,55,110,0,0,110,California
SS3755,2024-03-04,Jujutsu Kaisen Keychain,3,8,24,0,0,24,Colorado
SS3756,2024-03-04,Demon Slayer Poster,1,15,15,0,0,15,Texas
SS3757,2024-03-04,Dragon Ball Z Hat,2,22,44,0,0,44,Ohio
SS3758,2024-03-04,Jujutsu Kaisen Keychain,2,8,16,1.88,0,14.12,Florida
SS3759,2024-03-04,Demon Slayer Poster,1,15,15,1.14,0,13.86,New Jersey
SS3760,2024-03-04,Naruto Hoodie,2,55,110,0,110,0,New York
SS3761,2024-03-04,One Piece Figure,1,35,35,0,0,35,Virginia
SS3762,2024-03-04,Attack on Titan T-Shirt,1,28,28,0,0,28,Michigan
SS3763,2024-03-04,Anime Mystery Box,3,60,180,0,0,180,Texas
SS3764,2024-03-04,Naruto Hoodie,2,55,110,0,110,0,Indiana
SS3765,2024-03-04,Naruto Hoodie,3,55,165,0,165,0,Texas
SS3766,2024-03-04,Anime Mystery Box,1,60,60,0,0,60,Florida
SS3767,2024-03-04,One Piece Figure,3,35,105,0,0,105,Virginia
SS3768,2024-03-05,Jujutsu Kaisen Keychain,1,8,8,0,0,8,Texas
SS3769,2024-03-05,Demon Slayer Poster,2,15,30,0,30,0,Pennsylvania
SS3770,2024-03-05,Anime Mystery Box,2,60,120,0,0,120,Virginia
SS3771,2024-03-05,Naruto Hoodie,2,55,110,0,0,110,Texas
SS3772,2024-03-05,Naruto Hoodie,2,55,110,7.9,0,102.1,Florida
SS3773,2024-03-05,Naruto Hoodie,3,55,165,0,0,165,Virginia
SS3774,2024-03-05,Anime Mystery Box,2,60,120,0,0,120,Illinois
SS3775,2024-03-05,Naruto Hoodie,2,55,110,0,0,110,Texas
SS3776,2024-03-05,Jujutsu Kaisen Keychain,1,8,8,0,0,8,Texas
SS3777,2024-03-05,Naruto Hoodie,2,55,110,0,0,110,California
SS3778,2024-03-05,Dragon Ball Z Hat,2,22,44,0,0,44,California
SS3779,2024-03-05,Dragon Ball Z Hat,1,22,22,0,0,22,California
SS3780,2024-03-06,Anime Mystery Box,3,60,180,0,0,180,Arizona
SS3781,2024-03-06,Demon Slayer Poster,3,15,45,4.53,40.47,0,California
SS3782,2024-03-06,Anime Mystery Box,3,60,180,0,0,180,Texas
SS3783,2024-03-06,Anime Mystery Box,3,60,180,0,0,180,Florida
SS3784,2024-03-06,Anime Mystery Box,3,60,180,11.56,0,168.44,Colorado
SS3785,2024-03-06,Jujutsu Kaisen Keychain,2,8,16,0,0,16,Texas
SS3786,2024-03-06,Demon Slayer Poster,2,15,30,0,0,30,Texas
SS3787,2024-03-06,Anime Mystery Box,1,60,60,0,60,0,California
SS3788,2024-03-06,Anime Mystery Box,3,60,180,0,0,180,Florida
SS3789,2024-03-06,My Hero Academia Backpack,3,48,144,0,0,144,Florida
SS3790,2024-03-06,Dragon Ball Z Hat,3,22,66,0,0,66,Ohio
SS3791,2024-03-07,Anime Mystery Box,2,60,120,0,0,120,California
SS3792,2024-03-07,Anime Mystery Box,1,60,60,0,0,60,California
SS3793,2024-03-07,Anime Mystery Box,1,60,60,0,0,60,Florida
SS3794,2024-03-07,Anime Mystery Box,1,60,60,9.26,0,50.74,Massachusetts
SS3795,2024-03-07,Anime Mystery Box,3,60,180,0,0,180,New York
SS3796,2024-03-07,Naruto Hoodie,2,55,110,0,0,110,Florida
SS3797,2024-03-07,Anime Mystery Box,2,60,120,0,0,120,California
SS3798,2024-03-08,Anime Mystery Box,1,60,60,0,0,60,Florida
SS3799,2024-03-08,Anime Mystery Box,3,60,180,0,0,180,Texas
SS3800,2024-03-08,Anime Mystery Box,3,60,180,0,0,180,California
SS3801,2024-03-08,Naruto Hoodie,1,55,55,0,0,55,Texas
SS3802,2024-03-08,My Hero Academia Backpack,2,48,96,6.64,0,89.36,Texas
SS3803,2024-03-08,Naruto Hoodie,1,55,55,7.76,0,47.24,Texas
SS3804,2024-03-08,Anime Mystery Box,1,60,60,5.82,0,54.18,California
SS3805,2024-03-08,Naruto Hoodie,1,55,55,0,0,55,Texas
SS3806,2024-03-08,Demon Slayer Poster,2,15,30,0,0,30,Nevada
SS3807,2024-03-08,Anime Mystery Box,2,60,120,0,0,120,California
SS3808,2024-03-08,My Hero Academia Backpack,3,48,144,12.57,0,131.43,Florida
SS3809,2024-03-09,Anime Mystery Box,1,60,60,0,0,60,Florida
SS3810,2024-03-09,Naruto Hoodie,2,55,110,0,110,0,Florida
SS3811,2024-03-09,Naruto Hoodie,2,55,110,0,0,110,Arizona
SS3812,2024-03-09,Anime Mystery Box,1,60,60,0,0,60,Ohio
SS3813,2024-03-09,Attack on Titan T-Shirt,3,28,84,0,0,84,Texas
SS3814,2024-03-09,Dragon Ball Z Hat,3,22,66,0,0,66,California
SS3815,2024-03-09,Anime Mystery Box,1,60,60,0,0,60,Michigan
SS3816,2024-03-09,One Piece Figure,2,35,70,0,0,70,Texas
SS3817,2024-03-09,Naruto Hoodie,1,55,55,0,55,0,Florida
SS3818,2024-03-10,Anime Mystery Box,1,60,60,0,0,60,Ohio
SS3819,2024-03-10,Jujutsu Kaisen Keychain,1,8,8,1.29,0,6.71,California
SS3820,2024-03-10,Naruto Hoodie,1,55,55,0,0,55,Nevada
SS3821,2024-03-10,Jujutsu Kaisen Keychain,2,8,16,0,0,16,Florida
SS3822,2024-03-10,One Piece Figure,3,35,105,19.94,85.06,0,Texas
SS3823,2024-03-10,Jujutsu Kaisen Keychain,2,8,16,0,0,16,Texas
SS3824,2024-03-10,Naruto Hoodie,2,55,110,0,0,110,California
SS3825,2024-03-10,Demon Slayer Poster,3,15,45,5.14,0,39.86,California
SS3826,2024-03-10,Naruto Hoodie,3,55,165,0,0,165,Florida
SS3827,2024-03-10,Naruto Hoodie,2,55,110,0,0,110,California
SS3828,2024-03-10,Naruto Hoodie,1,55,55,0,0,55,California
SS3829,2024-03-10,Jujutsu Kaisen Keychain,2,8,16,0,0,16,Texas
SS3830,2024-03-10,Demon Slayer Poster,2,15,30,0,0,30,Florida
SS3831,2024-03-10,Naruto Hoodie,2,55,110,0,0,110,Pennsylvania
SS3832,2024-03-10,Naruto Hoodie,2,55,110,9.85,0,100.15,New Jersey
SS3833,2024-03-10,Naruto Hoodie,1,55,55,0,0,55,Texas
SS3834,2024-03-10,Anime Mystery Box,1,60,60,10.43,0,49.57,California
SS3835,2024-03-10,Naruto Hoodie,3,55,165,0,0,165,California
SS3836,2024-03-11,Attack on Titan T-Shirt,1,28,28,0,0,28,Michigan
SS3837,2024-03-11,Anime Mystery Box,1,60,60,7.11,0,52.89,Massachusetts
SS3838,2024-03-11,Naruto Hoodie,3,55,165,0,0,165,California
SS3839,2024-03-11,Naruto Hoodie,2,55,110,5.92,0,104.08,Nevada
SS3840,2024-03-11,Naruto Hoodie,1,55,55,0,0,55,Georgia
SS3841,2024-03-11,Demon Slayer Poster,1,15,15,0,0,15,Tennessee
SS3842,2024-03-11,Naruto Hoodie,1,55,55,10.55,44.45,0,California
SS3843,2024-03-11,Demon Slayer Poster,2,15,30,0,0,30,Texas
SS3844,2024-03-12,Anime Mystery Box,3,60,180,0,0,180,Florida
SS3845,2024-03-12,Naruto Hoodie,2,55,110,15.8,0,94.2,Georgia
SS3846,2024-03-12,Naruto Hoodie,1,55,55,0,0,55,North Carolina
SS3847,2024-03-12,Anime Mystery Box,3,60,180,0,180,0,Texas
SS3848,2024-03-12,Demon Slayer Poster,3,15,45,4.76,0,40.24,Massachusetts
SS3849,2024-03-12,Demon Slayer Poster,2,15,30,0,0,30,Colorado
SS3850,2024-03-12,My Hero Academia Backpack,1,48,48,0,0,48,Florida
SS3851,2024-03-12,Naruto Hoodie,2,55,110,0,0,110,Texas
SS3852,2024-03-12,My Hero Academia Backpack,1,48,48,0,0,48,Florida
SS3853,2024-03-12,Naruto Hoodie,3,55,165,15.73,0,149.27,Texas
SS3854,2024-03-12,Attack on Titan T-Shirt,2,28,56,5.76,0,50.24,California
SS3855,2024-03-12,Anime Mystery Box,2,60,120,0,0,120,Washington
SS3856,2024-03-12,Naruto Hoodie,3,55,165,0,0,165,Florida
SS3857,2024-03-12,Dragon Ball Z Hat,1,22,22,0,0,22,Texas
SS3858,2024-03-12,Anime Mystery Box,2,60,120,22.41,0,97.59,California
SS3859,2024-03-12,One Piece Figure,2,35,70,0,0,70,Texas
SS3860,2024-03-13,Jujutsu Kaisen Keychain,1,8,8,0.81,0,7.19,Texas
SS3861,2024-03-13,Anime Mystery Box,2,60,120,23.46,0,96.54,Tennessee
SS3862,2024-03-13,Attack on Titan T-Shirt,3,28,84,0,0,84,Texas
SS3863,2024-03-13,Naruto Hoodie,3,55,165,9.55,0,155.45,Texas
SS3864,2024-03-13,One Piece Figure,1,35,35,0,0,35,Missouri
SS3865,2024-03-13,Anime Mystery Box,3,60,180,22.84,0,157.16,Ohio
SS3866,2024-03-13,Attack on Titan T-Shirt,2,28,56,10.01,0,45.99,Georgia
SS3867,2024-03-13,Anime Mystery Box,3,60,180,0,0,180,Texas
SS3868,2024-03-13,Jujutsu Kaisen Keychain,1,8,8,1.26,0,6.74,Virginia
SS3869,2024-03-13,My Hero Academia Backpack,3,48,144,0,0,144,Michigan
SS3870,2024-03-13,Anime Mystery Box,2,60,120,0,0,120,Florida
SS3871,2024-03-13,Anime Mystery Box,1,60,60,0,0,60,Massachusetts
SS3872,2024-03-13,Anime Mystery Box,1,60,60,0,0,60,Washington
SS3873,2024-03-13,Demon Slayer Poster,3,15,45,0,0,45,Texas
SS3874,2024-03-13,Demon Slayer Poster,1,15,15,0,0,15,Florida
SS3875,2024-03-13,Jujutsu Kaisen Keychain,1,8,8,0,0,8,Georgia
SS3876,2024-03-14,Naruto Hoodie,3,55,165,16.93,0,148.07,Florida
SS3877,2024-03-14,Demon Slayer Poster,3,15,45,0,0,45,California
SS3878,2024-03-14,One Piece Figure,1,35,35,0,0,35,California
SS3879,2024-03-14,Dragon Ball Z Hat,1,22,22,0,0,22,Texas
SS3880,2024-03-14,Attack on Titan T-Shirt,1,28,28,1.63,0,26.37,California
SS3881,2024-03-14,Attack on Titan T-Shirt,1,28,28,0,0,28,Texas
SS3882,2024-03-14,My Hero Academia Backpack,2,48,96,0,0,96,Illinois
SS3883,2024-03-14,Naruto Hoodie,2,55,110,0,0,110,Arizona
SS3884,2024-03-14,Naruto Hoodie,2,55,110,0,0,110,Nevada
SS3885,2024-03-14,One Piece Figure,3,35,105,0,0,105,Florida
SS3886,2024-03-14,Naruto Hoodie,1,55,55,0,0,55,Florida
SS3887,2024-03-14,My Hero Academia Backpack,1,48,48,0,0,48,Florida
SS3888,2024-03-14,Attack on Titan T-Shirt,3,28,84,9.94,0,74.06,California
SS3889,2024-03-14,Anime Mystery Box,3,60,180,31.2,0,148.8,Massachusetts
SS3890,2024-03-14,Anime Mystery Box,1,60,60,0,0,60,Missouri
SS3891,2024-03-14,Naruto Hoodie,2,55,110,0,0,110,Michigan
SS3892,2024-03-14,Jujutsu Kaisen Keychain,2,8,16,0,16,0,California
SS3893,2024-03-15,Dragon Ball Z Hat,1,22,22,0,0,22,Florida
SS3894,2024-03-15,Jujutsu Kaisen Keychain,1,8,8,0.86,0,7.14,Texas
SS3895,2024-03-15,Attack on Titan T-Shirt,3,28,84,0,0,84,Texas
SS3896,2024-03-15,My Hero Academia Backpack,3,48,144,0,0,144,Texas
SS3897,2024-03-15,Naruto Hoodie,3,55,165,0,0,165,North Carolina
SS3898,2024-03-15,Naruto Hoodie,2,55,110,0,0,110,Tennessee
SS3899,2024-03-15,Attack on Titan T-Shirt,1,28,28,0,0,28,Texas
SS3900,2024-03-15,Naruto Hoodie,2,55,110,0,0,110,Colorado
SS3901,2024-03-15,My Hero Academia Backpack,2,48,96,0,0,96,Texas
SS3902,2024-03-15,Demon Slayer Poster,2,15,30,0,0,30,Colorado
SS3903,2024-03-15,Naruto Hoodie,2,55,110,13.31,0,96.69,Texas
SS3904,2024-03-15,Anime Mystery Box,1,60,60,0,0,60,California
SS3905,2024-03-15,Attack on Titan T-Shirt,1,28,28,0,0,28,Florida
SS3906,2024-03-15,Attack on Titan T-Shirt,3,28,84,0,0,84,Texas
SS3907,2024-03-15,Anime Mystery Box,2,60,120,0,120,0,Florida
SS3908,2024-03-15,Anime Mystery Box,2,60,120,0,0,120,Indiana
SS3909,2024-03-16,Anime Mystery Box,1,60,60,0,0,60,California
SS3910,2024-03-16,Naruto Hoodie,2,55,110,0,0,110,California
SS3911,2024-03-16,Anime Mystery Box,2,60,120,9.2,0,110.8,Florida
SS3912,2024-03-16,Anime Mystery Box,2,60,120,0,0,120,Florida
SS3913,2024-03-16,Demon Slayer Poster,3,15,45,0,0,45,Arizona
SS3914,2024-03-16,Anime Mystery Box,1,60,60,0,60,0,Texas
SS3915,2024-03-16,One Piece Figure,3,35,105,0,105,0,Indiana
SS3916,2024-03-16,Naruto Hoodie,1,55,55,0,0,55,Florida
SS3917,2024-03-16,Anime Mystery Box,1,60,60,0,0,60,Pennsylvania
SS3918,2024-03-16,Anime Mystery Box,2,60,120,0,0,120,Texas
SS3919,2024-03-16,Naruto Hoodie,1,55,55,0,0,55,Texas
SS3920,2024-03-16,Anime Mystery Box,1,60,60,11.97,0,48.03,Nevada
SS3921,2024-03-16,Anime Mystery Box,2,60,120,0,0,120,Missouri
SS3922,2024-03-16,Anime Mystery Box,2,60,120,10.73,0,109.27,Florida
SS3923,2024-03-16,Attack on Titan T-Shirt,2,28,56,0,56,0,Tennessee
SS3924,2024-03-16,Naruto Hoodie,1,55,55,4.89,0,50.11,New York
SS3925,2024-03-16,Naruto Hoodie,2,55,110,0,110,0,Colorado
SS3926,2024-03-17,Anime Mystery Box,2,60,120,0,0,120,Ohio
SS3927,2024-03-17,Naruto Hoodie,3,55,165,0,0,165,Florida
SS3928,2024-03-17,Demon Slayer Poster,2,15,30,0,0,30,Florida
SS3929,2024-03-17,Naruto Hoodie,3,55,165,0,0,165,Texas
SS3930,2024-03-17,Anime Mystery Box,1,60,60,0,0,60,California
SS3931,2024-03-17,Jujutsu Kaisen Keychain,3,8,24,0,0,24,New York
SS3932,2024-03-18,Naruto Hoodie,3,55,165,20.02,0,144.98,California
SS3933,2024-03-18,My Hero Academia Backpack,1,48,48,0,0,48,Michigan
SS3934,2024-03-18,Dragon Ball Z Hat,1,22,22,0,22,0,Colorado
SS3935,2024-03-18,Anime Mystery Box,1,60,60,11.03,0,48.97,Florida
SS3936,2024-03-18,Naruto Hoodie,1,55,55,0,0,55,California
SS3937,2024-03-18,One Piece Figure,2,35,70,12.71,0,57.29,Georgia
SS3938,2024-03-18,Anime Mystery Box,1,60,60,0,0,60,Georgia
SS3939,2024-03-18,Attack on Titan T-Shirt,1,28,28,0,0,28,Texas
SS3940,2024-03-18,Anime Mystery Box,2,60,120,14.7,0,105.3,Texas
SS3941,2024-03-18,Naruto Hoodie,3,55,165,0,0,165,Georgia
SS3942,2024-03-18,Naruto Hoodie,2,55,110,0,110,0,Florida
SS3943,2024-03-18,Naruto Hoodie,3,55,165,0,0,165,Missouri
SS3944,2024-03-18,Attack on Titan T-Shirt,2,28,56,8.86,0,47.14,Nevada
SS3945,2024-03-18,Jujutsu Kaisen Keychain,3,8,24,0,24,0,Florida
SS3946,2024-03-18,Naruto Hoodie,2,55,110,0,0,110,California
SS3947,2024-03-18,Naruto Hoodie,1,55,55,0,0,55,Florida
SS3948,2024-03-18,Anime Mystery Box,3,60,180,0,0,180,Texas
SS3949,2024-03-18,Jujutsu Kaisen Keychain,3,8,24,1.49,0,22.51,Florida
SS3950,2024-03-19,Naruto Hoodie,3,55,165,0,0,165,Florida
SS3951,2024-03-19,Naruto Hoodie,2,55,110,0,0,110,Nevada
SS3952,2024-03-19,Naruto Hoodie,2,55,110,10.55,0,99.45,Florida
SS3953,2024-03-19,Jujutsu Kaisen Keychain,1,8,8,0,0,8,California
SS3954,2024-03-19,Dragon Ball Z Hat,3,22,66,4.89,0,61.11,Texas
SS3955,2024-03-19,Naruto Hoodie,2,55,110,0,0,110,Illinois
SS3956,2024-03-19,Anime Mystery Box,3,60,180,0,180,0,Texas
SS3957,2024-03-19,Naruto Hoodie,2,55,110,0,0,110,Texas
SS3958,2024-03-19,Jujutsu Kaisen Keychain,3,8,24,0,0,24,California
SS3959,2024-03-19,Demon Slayer Poster,3,15,45,0,0,45,Arizona
SS3960,2024-03-19,Naruto Hoodie,3,55,165,0,0,165,Nevada
SS3961,2024-03-20,Jujutsu Kaisen Keychain,1,8,8,0,0,8,Florida
SS3962,2024-03-20,One Piece Figure,1,35,35,0,0,35,Texas
SS3963,2024-03-20,Naruto Hoodie,3,55,165,17.32,0,147.68,Florida
SS3964,2024-03-20,My Hero Academia Backpack,3,48,144,0,0,144,Texas
SS3965,2024-03-20,My Hero Academia Backpack,2,48,96,0,96,0,Ohio
SS3966,2024-03-20,Dragon Ball Z Hat,3,22,66,0,66,0,Ohio
SS3967,2024-03-20,Naruto Hoodie,2,55,110,0,0,110,North Carolina
SS3968,2024-03-21,Naruto Hoodie,2,55,110,8.59,0,101.41,Michigan
SS3969,2024-03-21,One Piece Figure,1,35,35,0,0,35,California
SS3970,2024-03-21,Anime Mystery Box,1,60,60,3.27,0,56.73,Florida
SS3971,2024-03-21,Jujutsu Kaisen Keychain,1,8,8,0,0,8,Indiana
SS3972,2024-03-21,One Piece Figure,1,35,35,0,0,35,Texas
SS3973,2024-03-21,Demon Slayer Poster,1,15,15,0,0,15,California
SS3974,2024-03-21,My Hero Academia Backpack,1,48,48,0,0,48,Florida
SS3975,2024-03-21,Naruto Hoodie,1,55,55,0,0,55,Florida
SS3976,2024-03-21,Dragon Ball Z Hat,2,22,44,0,0,44,California
SS3977,2024-03-22,Naruto Hoodie,2,55,110,0,0,110,Florida
SS3978,2024-03-22,Naruto Hoodie,1,55,55,0,0,55,Arizona
SS3979,2024-03-22,Naruto Hoodie,1,55,55,0,0,55,Texas
SS3980,2024-03-22,Naruto Hoodie,1,55,55,0,0,55,Florida
SS3981,2024-03-22,Naruto Hoodie,1,55,55,0,55,0,California
SS3982,2024-03-22,Anime Mystery Box,1,60,60,4.62,0,55.38,California
SS3983,2024-03-22,Naruto Hoodie,3,55,165,15.32,0,149.68,California
SS3984,2024-03-22,One Piece Figure,1,35,35,0,0,35,North Carolina
SS3985,2024-03-22,Anime Mystery Box,2,60,120,0,0,120,Texas
SS3986,2024-03-22,Anime Mystery Box,3,60,180,0,0,180,Missouri
SS3987,2024-03-23,Naruto Hoodie,1,55,55,5.11,0,49.89,Florida
SS3988,2024-03-23,My Hero Academia Backpack,3,48,144,0,0,144,California
SS3989,2024-03-23,One Piece Figure,2,35,70,0,0,70,Washington
SS3990,2024-03-23,Anime Mystery Box,2,60,120,0,0,120,Florida
SS3991,2024-03-23,Anime Mystery Box,2,60,120,19.29,0,100.71,Washington
SS3992,2024-03-23,Naruto Hoodie,1,55,55,0,55,0,New York
SS3993,2024-03-23,Anime Mystery Box,1,60,60,0,0,60,New York
SS3994,2024-03-23,My Hero Academia Backpack,2,48,96,0,0,96,Texas
SS3995,2024-03-23,Anime Mystery Box,1,60,60,0,0,60,California
SS3996,2024-03-23,Anime Mystery Box,2,60,120,0,0,120,New York
SS3997,2024-03-23,Anime Mystery Box,2,60,120,18.02,0,101.98,Florida
SS3998,2024-03-23,My Hero Academia Backpack,2,48,96,0,0,96,California
SS3999,2024-03-23,My Hero Academia Backpack,1,48,48,3.62,0,44.38,Texas
SS4000,2024-03-23,One Piece Figure,1,35,35,0,0,35,New Jersey
SS4001,2024-03-23,Anime Mystery Box,2,60,120,0,0,120,Texas
SS4002,2024-03-23,Naruto Hoodie,1,55,55,0,0,55,California
SS4003,2024-03-23,Demon Slayer Poster,3,15,45,0,0,45,Virginia
SS4004,2024-03-23,Jujutsu Kaisen Keychain,2,8,16,0,0,16,Missouri
SS4005,2024-03-24,Demon Slayer Poster,1,15,15,0,0,15,Florida
SS4006,2024-03-24,Dragon Ball Z Hat,1,22,22,2.37,19.63,0,North Carolina
SS4007,2024-03-24,My Hero Academia Backpack,3,48,144,0,0,144,Virginia
SS4008,2024-03-24,Anime Mystery Box,1,60,60,0,0,60,California
SS4009,2024-03-24,Jujutsu Kaisen Keychain,2,8,16,2.63,13.37,0,Florida
SS4010,2024-03-24,My Hero Academia Backpack,1,48,48,0,0,48,Nevada
SS4011,2024-03-24,Jujutsu Kaisen Keychain,1,8,8,1.18,0,6.82,Florida
SS4012,2024-03-24,Anime Mystery Box,2,60,120,0,0,120,California
SS4013,2024-03-24,Dragon Ball Z Hat,2,22,44,0,0,44,Indiana
SS4014,2024-03-24,One Piece Figure,2,35,70,8.19,0,61.81,Texas
SS4015,2024-03-24,Naruto Hoodie,1,55,55,0,0,55,North Carolina
SS4016,2024-03-24,Anime Mystery Box,3,60,180,0,0,180,North Carolina
SS4017,2024-03-24,Anime Mystery Box,3,60,180,0,0,180,Texas
SS4018,2024-03-25,Anime Mystery Box,2,60,120,0,0,120,Colorado
SS4019,2024-03-25,Anime Mystery Box,3,60,180,0,0,180,Texas
SS4020,2024-03-25,My Hero Academia Backpack,2,48,96,0,0,96,Florida
SS4021,2024-03-25,Dragon Ball Z Hat,2,22,44,5.88,38.12,0,Texas
SS4022,2024-03-25,One Piece Figure,2,35,70,7.12,0,62.88,Washington
SS4023,2024-03-25,Anime Mystery Box,3,60,180,15.16,0,164.84,Michigan
SS4024,2024-03-25,Anime Mystery Box,3,60,180,0,0,180,Florida
SS4025,2024-03-25,Dragon Ball Z Hat,2,22,44,0,0,44,Texas
SS4026,2024-03-25,Anime Mystery Box,3,60,180,0,0,180,California
SS4027,2024-03-25,Attack on Titan T-Shirt,3,28,84,9.28,0,74.72,Tennessee
SS4028,2024-03-26,Anime Mystery Box,2,60,120,0,0,120,Texas
SS4029,2024-03-26,Anime Mystery Box,3,60,180,17.16,0,162.84,Colorado
SS4030,2024-03-26,Anime Mystery Box,3,60,180,0,0,180,California
SS4031,2024-03-26,Naruto Hoodie,2,55,110,12.59,0,97.41,Pennsylvania
SS4032,2024-03-26,My Hero Academia Backpack,3,48,144,15.13,0,128.87,Florida
SS4033,2024-03-26,My Hero Academia Backpack,2,48,96,0,0,96,Tennessee
SS4034,2024-03-26,Naruto Hoodie,3,55,165,0,0,165,California
SS4035,2024-03-26,Anime Mystery Box,2,60,120,0,0,120,Texas
SS4036,2024-03-26,Anime Mystery Box,3,60,180,0,0,180,Texas
SS4037,2024-03-26,Anime Mystery Box,1,60,60,0,0,60,California
SS4038,2024-03-26,Jujutsu Kaisen Keychain,2,8,16,0,0,16,Arizona
SS4039,2024-03-26,Anime Mystery Box,2,60,120,0,0,120,Florida
SS4040,2024-03-27,Anime Mystery Box,2,60,120,22.11,0,97.89,Florida
SS4041,2024-03-27,Dragon Ball Z Hat,3,22,66,9.17,0,56.83,Tennessee
SS4042,2024-03-27,Demon Slayer Poster,2,15,30,0,0,30,California
SS4043,2024-03-27,Attack on Titan T-Shirt,2,28,56,0,0,56,Florida
SS4044,2024-03-27,Jujutsu Kaisen Keychain,3,8,24,0,0,24,California
SS4045,2024-03-27,Anime Mystery Box,2,60,120,0,0,120,Florida
SS4046,2024-03-27,Anime Mystery Box,3,60,180,0,180,0,Florida
SS4047,2024-03-27,Anime Mystery Box,3,60,180,0,0,180,California
SS4048,2024-03-27,Attack on Titan T-Shirt,2,28,56,0,0,56,California
SS4049,2024-03-28,Naruto Hoodie,3,55,165,29.26,135.74,0,Indiana
SS4050,2024-03-28,Anime Mystery Box,1,60,60,0,0,60,Colorado
SS4051,2024-03-28,Dragon Ball Z Hat,2,22,44,0,0,44,Arizona
SS4052,2024-03-28,Anime Mystery Box,1,60,60,0,0,60,Ohio
SS4053,2024-03-28,Naruto Hoodie,1,55,55,0,0,55,New Jersey
SS4054,2024-03-28,Dragon Ball Z Hat,2,22,44,0,0,44,Texas
SS4055,2024-03-28,Jujutsu Kaisen Keychain,3,8,24,0,0,24,Texas
SS4056,2024-03-28,Attack on Titan T-Shirt,1,28,28,0,0,28,New Jersey
SS4057,2024-03-28,Jujutsu Kaisen Keychain,2,8,16,0,0,16,California
SS4058,2024-03-29,Attack on Titan T-Shirt,3,28,84,0,0,84,California
SS4059,2024-03-29,Anime Mystery Box,3,60,180,0,0,180,Texas
SS4060,2024-03-29,Anime Mystery Box,2,60,120,0,0,120,California
SS4061,2024-03-29,Demon Slayer Poster,1,15,15,0,0,15,New Jersey
SS4062,2024-03-29,Anime Mystery Box,1,60,60,11.78,0,48.22,Texas
SS4063,2024-03-29,Jujutsu Kaisen Keychain,2,8,16,0,0,16,Arizona
SS4064,2024-03-29,Naruto Hoodie,3,55,165,13.26,0,151.74,New Jersey
SS4065,2024-03-29,One Piece Figure,2,35,70,0,0,70,Pennsylvania
SS4066,2024-03-29,Anime Mystery Box,2,60,120,23.28,0,96.72,Nevada
SS4067,2024-03-29,Anime Mystery Box,1,60,60,10.04,0,49.96,Texas
SS4068,2024-03-30,Anime Mystery Box,3,60,180,0,0,180,Texas
SS4069,2024-03-30,Naruto Hoodie,3,55,165,0,0,165,California
SS4070,2024-03-30,Naruto Hoodie,1,55,55,7.16,0,47.84,California
SS4071,2024-03-30,Naruto Hoodie,2,55,110,0,0,110,Florida
SS4072,2024-03-30,Naruto Hoodie,3,55,165,0,0,165,Florida
SS4073,2024-03-30,My Hero Academia Backpack,1,48,48,0,0,48,Texas
SS4074,2024-03-30,Naruto Hoodie,1,55,55,0,0,55,California
SS4075,2024-03-30,Naruto Hoodie,3,55,165,0,0,165,Texas
SS4076,2024-03-30,Naruto Hoodie,1,55,55,0,0,55,Missouri
SS4077,2024-03-30,Naruto Hoodie,1,55,55,9.15,0,45.85,California
SS4078,2024-03-30,Naruto Hoodie,3,55,165,0,0,165,Florida
SS4079,2024-03-30,Dragon Ball Z Hat,3,22,66,10.12,0,55.88,Missouri
SS4080,2024-03-30,Anime Mystery Box,3,60,180,18.57,0,161.43,Florida
SS4081,2024-03-31,Anime Mystery Box,1,60,60,0,0,60,New York
SS4082,2024-03-31,Demon Slayer Poster,2,15,30,4.51,0,25.49,Arizona
SS4083,2024-03-31,Dragon Ball Z Hat,2,22,44,0,0,44,New York
SS4084,2024-03-31,Jujutsu Kaisen Keychain,1,8,8,0,0,8,Arizona
SS4085,2024-03-31,Anime Mystery Box,3,60,180,0,0,180,North Carolina
SS4086,2024-03-31,Jujutsu Kaisen Keychain,1,8,8,0,0,8,Georgia
SS4087,2024-03-31,Demon Slayer Poster,1,15,15,0,0,15,Florida
SS4088,2024-03-31,Naruto Hoodie,1,55,55,2.96,0,52.04,California
SS4089,2024-03-31,Jujutsu Kaisen Keychain,1,8,8,0,0,8,Ohio
SS4090,2024-03-31,My Hero Academia Backpack,2,48,96,0,0,96,Illinois
SS4091,2024-03-31,One Piece Figure,1,35,35,0,0,35,Texas
SS4092,2024-03-31,Naruto Hoodie,1,55,55,0,0,55,Texas
SS4093,2024-03-31,Naruto Hoodie,3,55,165,12.38,0,152.62,Texas
SS4094,2024-03-31,Naruto Hoodie,1,55,55,0,0,55,Arizona
SS4095,2024-03-31,Naruto Hoodie,3,55,165,0,0,165,California
SS4096,2024-03-31,Anime Mystery Box,2,60,120,0,0,120,Texas
SS4097,2024-04-01,Naruto Hoodie,3,55,165,0,0,165,California
SS4098,2024-04-01,Naruto Hoodie,1,55,55,0,0,55,Tennessee
SS4099,2024-04-01,Naruto Hoodie,3,55,165,0,0,165,Texas
SS4100,2024-04-01,Naruto Hoodie,1,55,55,3.49,0,51.51,Texas
SS4101,2024-04-01,My Hero Academia Backpack,1,48,48,0,0,48,Florida
SS4102,2024-04-01,Anime Mystery Box,1,60,60,0,0,60,Florida
SS4103,2024-04-01,My Hero Academia Backpack,2,48,96,9.75,0,86.25,New Jersey
SS4104,2024-04-01,Demon Slayer Poster,2,15,30,0,0,30,California
SS4105,2024-04-01,Dragon Ball Z Hat,1,22,22,0,0,22,New Jersey
SS4106,2024-04-01,Jujutsu Kaisen Keychain,2,8,16,0,0,16,California
SS4107,2024-04-01,Jujutsu Kaisen Keychain,3,8,24,0,0,24,North Carolina
SS4108,2024-04-01,Jujutsu Kaisen Keychain,3,8,24,0,0,24,New Jersey
SS4109,2024-04-01,Attack on Titan T-Shirt,2,28,56,0,0,56,Ohio
SS4110,2024-04-01,Jujutsu Kaisen Keychain,3,8,24,0,0,24,Florida
SS4111,2024-04-01,One Piece Figure,2,35,70,0,70,0,Illinois
SS4112,2024-04-01,Attack on Titan T-Shirt,3,28,84,10.59,0,73.41,Texas
SS4113,2024-04-01,Naruto Hoodie,2,55,110,7.13,0,102.87,Michigan
SS4114,2024-04-01,Jujutsu Kaisen Keychain,1,8,8,0,0,8,California
SS4115,2024-04-02,My Hero Academia Backpack,2,48,96,0,0,96,Florida
SS4116,2024-04-02,Naruto Hoodie,2,55,110,0,0,110,Missouri
SS4117,2024-04-02,Dragon Ball Z Hat,2,22,44,0,0,44,Texas
SS4118,2024-04-02,Naruto Hoodie,2,55,110,0,0,110,Virginia
SS4119,2024-04-02,Naruto Hoodie,3,55,165,0,0,165,California
SS4120,2024-04-02,Naruto Hoodie,2,55,110,6.12,0,103.88,Florida
SS4121,2024-04-02,Naruto Hoodie,3,55,165,21.75,0,143.25,Missouri
SS4122,2024-04-02,Dragon Ball Z Hat,2,22,44,0,0,44,California
SS4123,2024-04-02,Anime Mystery Box,2,60,120,0,120,0,Texas
SS4124,2024-04-02,One Piece Figure,3,35,105,0,0,105,California
SS4125,2024-04-02,Naruto Hoodie,3,55,165,0,0,165,New York
SS4126,2024-04-02,Naruto Hoodie,3,55,165,0,0,165,Indiana
SS4127,2024-04-02,Naruto Hoodie,1,55,55,0,55,0,Texas
SS4128,2024-04-02,Naruto Hoodie,3,55,165,0,0,165,Texas
SS4129,2024-04-02,Demon Slayer Poster,1,15,15,0,0,15,Illinois
SS4130,2024-04-03,Anime Mystery Box,2,60,120,0,0,120,Texas
SS4131,2024-04-03,Anime Mystery Box,3,60,180,0,0,180,California
SS4132,2024-04-03,Anime Mystery Box,3,60,180,0,0,180,California
SS4133,2024-04-03,Anime Mystery Box,2,60,120,0,0,120,Tennessee
SS4134,2024-04-03,Naruto Hoodie,3,55,165,0,0,165,Texas
SS4135,2024-04-03,Jujutsu Kaisen Keychain,2,8,16,0,0,16,Illinois
SS4136,2024-04-03,One Piece Figure,3,35,105,0,0,105,Florida
SS4137,2024-04-03,Demon Slayer Poster,3,15,45,5.84,0,39.16,California
SS4138,2024-04-03,Jujutsu Kaisen Keychain,2,8,16,0,16,0,Texas
SS4139,2024-04-03,Anime Mystery Box,3,60,180,0,180,0,Texas
SS4140,2024-04-03,Anime Mystery Box,1,60,60,7.99,0,52.01,California
SS4141,2024-04-03,One Piece Figure,2,35,70,0,0,70,Pennsylvania
SS4142,2024-04-03,Dragon Ball Z Hat,2,22,44,4.56,0,39.44,California
SS4143,2024-04-04,Demon Slayer Poster,3,15,45,0,45,0,California
SS4144,2024-04-04,Anime Mystery Box,1,60,60,11.94,48.06,0,Texas
SS4145,2024-04-04,Naruto Hoodie,2,55,110,0,0,110,Massachusetts
SS4146,2024-04-04,Dragon Ball Z Hat,1,22,22,0,0,22,North Carolina
SS4147,2024-04-04,Anime Mystery Box,1,60,60,4.82,55.18,0,Nevada
SS4148,2024-04-04,Dragon Ball Z Hat,1,22,22,1.62,0,20.38,California
SS4149,2024-04-04,Demon Slayer Poster,1,15,15,0,0,15,Florida
SS4150,2024-04-05,Anime Mystery Box,1,60,60,0,0,60,Florida
SS4151,2024-04-05,Jujutsu Kaisen Keychain,2,8,16,0,0,16,Texas
SS4152,2024-04-05,Naruto Hoodie,3,55,165,0,0,165,Texas
SS4153,2024-04-05,Anime Mystery Box,3,60,180,0,0,180,Tennessee
SS4154,2024-04-05,Naruto Hoodie,3,55,165,0,0,165,Michigan
SS4155,2024-04-05,My Hero Academia Backpack,2,48,96,0,0,96,Texas
SS4156,2024-04-06,Naruto Hoodie,3,55,165,0,0,165,Florida
SS4157,2024-04-06,Jujutsu Kaisen Keychain,3,8,24,3.61,0,20.39,Massachusetts
SS4158,2024-04-06,Naruto Hoodie,1,55,55,0,0,55,California
SS4159,2024-04-06,Anime Mystery Box,3,60,180,0,0,180,Florida
SS4160,2024-04-06,Anime Mystery Box,2,60,120,0,0,120,Missouri
SS4161,2024-04-06,Naruto Hoodie,3,55,165,0,0,165,New Jersey
SS4162,2024-04-06,Naruto Hoodie,3,55,165,0,0,165,Massachusetts
SS4163,2024-04-06,Jujutsu Kaisen Keychain,3,8,24,1.29,0,22.71,California
SS4164,2024-04-06,One Piece Figure,1,35,35,0,0,35,Texas
SS4165,2024-04-06,Naruto Hoodie,1,55,55,0,0,55,Florida
SS4166,2024-04-06,My Hero Academia Backpack,2,48,96,0,0,96,Colorado
SS4167,2024-04-06,Naruto Hoodie,3,55,165,0,0,165,Arizona
SS4168,2024-04-06,Dragon Ball Z Hat,1,22,22,3.71,0,18.29,Florida
SS4169,2024-04-07,Anime Mystery Box,3,60,180,0,0,180,Florida
SS4170,2024-04-07,Anime Mystery Box,1,60,60,0,0,60,Florida
SS4171,2024-04-07,Anime Mystery Box,2,60,120,9.96,0,110.04,Texas
SS4172,2024-04-07,Naruto Hoodie,1,55,55,7.45,0,47.55,Texas
SS4173,2024-04-07,Dragon Ball Z Hat,3,22,66,0,0,66,Florida
SS4174,2024-04-07,One Piece Figure,2,35,70,0,0,70,Illinois
SS4175,2024-04-07,Anime Mystery Box,1,60,60,6,0,54,Texas
SS4176,2024-04-07,Anime Mystery Box,2,60,120,0,0,120,Texas
SS4177,2024-04-07,Anime Mystery Box,2,60,120,0,0,120,Washington
SS4178,2024-04-07,Anime Mystery Box,3,60,180,14.05,0,165.95,Virginia
SS4179,2024-04-07,Naruto Hoodie,1,55,55,10.94,0,44.06,Ohio
SS4180,2024-04-08,Naruto Hoodie,1,55,55,5.95,0,49.05,Florida
SS4181,2024-04-08,Dragon Ball Z Hat,2,22,44,0,0,44,Ohio
SS4182,2024-04-08,My Hero Academia Backpack,2,48,96,0,0,96,Texas
SS4183,2024-04-08,Attack on Titan T-Shirt,1,28,28,1.56,26.44,0,California
SS4184,2024-04-08,Naruto Hoodie,2,55,110,19.87,0,90.13,Florida
SS4185,2024-04-08,Naruto Hoodie,2,55,110,0,0,110,California
SS4186,2024-04-08,Anime Mystery Box,1,60,60,0,0,60,Texas
SS4187,2024-04-08,Attack on Titan T-Shirt,3,28,84,0,0,84,Florida
SS4188,2024-04-08,Naruto Hoodie,2,55,110,0,110,0,Colorado
SS4189,2024-04-08,Naruto Hoodie,2,55,110,0,0,110,California
SS4190,2024-04-08,Attack on Titan T-Shirt,3,28,84,0,0,84,Texas
SS4191,2024-04-08,Anime Mystery Box,1,60,60,0,0,60,California
SS4192,2024-04-09,Naruto Hoodie,2,55,110,0,0,110,Texas
SS4193,2024-04-09,Naruto Hoodie,1,55,55,0,0,55,California
SS4194,2024-04-09,One Piece Figure,1,35,35,0,0,35,Texas
SS4195,2024-04-09,Jujutsu Kaisen Keychain,1,8,8,0,0,8,Tennessee
SS4196,2024-04-09,Jujutsu Kaisen Keychain,2,8,16,0,0,16,Illinois
SS4197,2024-04-09,Jujutsu Kaisen Keychain,2,8,16,1.7,0,14.3,California
SS4198,2024-04-09,Anime Mystery Box,1,60,60,0,0,60,Colorado
SS4199,2024-04-09,Naruto Hoodie,2,55,110,0,110,0,California
SS4200,2024-04-09,Anime Mystery Box,3,60,180,35.94,0,144.06,Florida
SS4201,2024-04-09,Dragon Ball Z Hat,3,22,66,3.57,0,62.43,Michigan
SS4202,2024-04-09,Naruto Hoodie,3,55,165,9.96,0,155.04,Tennessee
SS4203,2024-04-09,Anime Mystery Box,2,60,120,0,0,120,California
SS4204,2024-04-09,Dragon Ball Z Hat,2,22,44,0,0,44,California
SS4205,2024-04-09,Dragon Ball Z Hat,1,22,22,0,0,22,Arizona
SS4206,2024-04-09,Anime Mystery Box,3,60,180,26.99,0,153.01,Ohio
SS4207,2024-04-09,Jujutsu Kaisen Keychain,3,8,24,0,0,24,Colorado
SS4208,2024-04-10,Attack on Titan T-Shirt,3,28,84,0,0,84,California
SS4209,2024-04-10,My Hero Academia Backpack,1,48,48,0,0,48,California
SS4210,2024-04-10,Naruto Hoodie,1,55,55,0,0,55,Texas
SS4211,2024-04-10,Anime Mystery Box,3,60,180,0,180,0,Florida
SS4212,2024-04-10,Naruto Hoodie,1,55,55,10.16,0,44.84,Texas
SS4213,2024-04-10,Anime Mystery Box,1,60,60,0,0,60,Texas
SS4214,2024-04-10,Anime Mystery Box,2,60,120,13.26,0,106.74,Virginia
SS4215,2024-04-11,Anime Mystery Box,1,60,60,0,60,0,Michigan
SS4216,2024-04-11,Anime Mystery Box,1,60,60,0,0,60,California
SS4217,2024-04-11,One Piece Figure,3,35,105,10.42,0,94.58,Tennessee
SS4218,2024-04-11,Naruto Hoodie,1,55,55,0,0,55,California
SS4219,2024-04-11,Demon Slayer Poster,3,15,45,0,45,0,California
SS4220,2024-04-11,Naruto Hoodie,3,55,165,0,0,165,Texas
SS4221,2024-04-11,Anime Mystery Box,3,60,180,0,0,180,Florida
SS4222,2024-04-11,Anime Mystery Box,1,60,60,0,0,60,Nevada
SS4223,2024-04-11,Anime Mystery Box,3,60,180,0,0,180,Florida
SS4224,2024-04-11,Anime Mystery Box,3,60,180,0,0,180,Florida
SS4225,2024-04-11,Anime Mystery Box,3,60,180,0,0,180,Arizona
SS4226,2024-04-12,Naruto Hoodie,3,55,165,0,165,0,California
SS4227,2024-04-12,Anime Mystery Box,2,60,120,0,0,120,Texas
SS4228,2024-04-12,Naruto Hoodie,3,55,165,0,0,165,Florida
SS4229,2024-04-12,Dragon Ball Z Hat,1,22,22,0,0,22,Missouri
SS4230,2024-04-12,Dragon Ball Z Hat,3,22,66,4.21,0,61.79,New York
SS4231,2024-04-12,Naruto Hoodie,3,55,165,31.18,0,133.82,Florida
SS4232,2024-04-12,Jujutsu Kaisen Keychain,3,8,24,0,0,24,Florida
SS4233,2024-04-12,Jujutsu Kaisen Keychain,2,8,16,0,0,16,Washington
SS4234,2024-04-12,Anime Mystery Box,3,60,180,0,0,180,Virginia
SS4235,2024-04-12,Demon Slayer Poster,2,15,30,0,0,30,New York
SS4236,2024-04-13,Jujutsu Kaisen Keychain,2,8,16,0,0,16,Texas
SS4237,2024-04-13,Jujutsu Kaisen Keychain,1,8,8,0,0,8,California
SS4238,2024-04-13,Naruto Hoodie,2,55,110,0,0,110,Michigan
SS4239,2024-04-13,Naruto Hoodie,3,55,165,28.05,0,136.95,Florida
SS4240,2024-04-13,Attack on Titan T-Shirt,3,28,84,0,84,0,Texas
SS4241,2024-04-13,My Hero Academia Backpack,2,48,96,10.32,0,85.68,California
SS4242,2024-04-13,My Hero Academia Backpack,3,48,144,26.06,117.94,0,Texas
SS4243,2024-04-13,Naruto Hoodie,1,55,55,8.38,0,46.62,California
SS4244,2024-04-13,Dragon Ball Z Hat,3,22,66,13,0,53,Florida
SS4245,2024-04-13,Anime Mystery Box,3,60,180,18.62,0,161.38,California
SS4246,2024-04-13,Dragon Ball Z Hat,1,22,22,0,0,22,Texas
SS4247,2024-04-13,Naruto Hoodie,2,55,110,20.47,0,89.53,California
SS4248,2024-04-13,Anime Mystery Box,3,60,180,0,0,180,Texas
SS4249,2024-04-13,Jujutsu Kaisen Keychain,1,8,8,0,0,8,California
SS4250,2024-04-13,Anime Mystery Box,1,60,60,0,0,60,Georgia
SS4251,2024-04-13,Dragon Ball Z Hat,2,22,44,0,0,44,Florida
SS4252,2024-04-13,Anime Mystery Box,2,60,120,0,0,120,California
SS4253,2024-04-14,My Hero Academia Backpack,2,48,96,13.23,0,82.77,Florida
SS4254,2024-04-14,Attack on Titan T-Shirt,2,28,56,0,0,56,Florida
SS4255,2024-04-14,Anime Mystery Box,2,60,120,0,0,120,Virginia
SS4256,2024-04-14,Jujutsu Kaisen Keychain,3,8,24,0,0,24,Texas
SS4257,2024-04-14,Demon Slayer Poster,1,15,15,0,15,0,Washington
SS4258,2024-04-14,Attack on Titan T-Shirt,3,28,84,0,0,84,California
SS4259,2024-04-14,One Piece Figure,2,35,70,0,0,70,California
SS4260,2024-04-14,Naruto Hoodie,1,55,55,0,0,55,Virginia
SS4261,2024-04-14,Jujutsu Kaisen Keychain,2,8,16,1.32,0,14.68,Texas
SS4262,2024-04-14,Naruto Hoodie,3,55,165,0,0,165,California
SS4263,2024-04-14,Dragon Ball Z Hat,3,22,66,7.01,0,58.99,New York
SS4264,2024-04-15,Naruto Hoodie,3,55,165,0,0,165,Florida
SS4265,2024-04-15,Jujutsu Kaisen Keychain,2,8,16,0,0,16,Illinois
SS4266,2024-04-15,Jujutsu Kaisen Keychain,3,8,24,2.38,0,21.62,Texas
SS4267,2024-04-15,Naruto Hoodie,3,55,165,0,0,165,California
SS4268,2024-04-15,Naruto Hoodie,2,55,110,20.27,0,89.73,Texas
SS4269,2024-04-15,Attack on Titan T-Shirt,3,28,84,5.5,0,78.5,Texas
SS4270,2024-04-15,Anime Mystery Box,1,60,60,0,0,60,Florida
SS4271,2024-04-15,Naruto Hoodie,1,55,55,0,0,55,Florida
SS4272,2024-04-15,Anime Mystery Box,3,60,180,0,0,180,Florida
SS4273,2024-04-15,Naruto Hoodie,1,55,55,0,55,0,Florida
SS4274,2024-04-15,Naruto Hoodie,2,55,110,0,0,110,Texas
SS4275,2024-04-15,Naruto Hoodie,3,55,165,0,165,0,California
SS4276,2024-04-15,My Hero Academia Backpack,2,48,96,4.98,0,91.02,Ohio
SS4277,2024-04-15,Demon Slayer Poster,1,15,15,0,0,15,Illinois
SS4278,2024-04-15,One Piece Figure,3,35,105,0,0,105,Illinois
SS4279,2024-04-15,Naruto Hoodie,2,55,110,0,0,110,Colorado
SS4280,2024-04-16,Dragon Ball Z Hat,2,22,44,0,0,44,Texas
SS4281,2024-04-16,Attack on Titan T-Shirt,3,28,84,0,0,84,Texas
SS4282,2024-04-16,Attack on Titan T-Shirt,1,28,28,0,0,28,California
SS4283,2024-04-16,Naruto Hoodie,2,55,110,0,0,110,Texas
SS4284,2024-04-16,Anime Mystery Box,3,60,180,0,0,180,Texas
SS4285,2024-04-16,Naruto Hoodie,2,55,110,0,0,110,Georgia
SS4286,2024-04-16,My Hero Academia Backpack,2,48,96,8.04,0,87.96,Florida
SS4287,2024-04-16,Jujutsu Kaisen Keychain,2,8,16,0,0,16,Pennsylvania
SS4288,2024-04-16,Dragon Ball Z Hat,2,22,44,0,0,44,California
SS4289,2024-04-16,My Hero Academia Backpack,3,48,144,7.6,0,136.4,Indiana
SS4290,2024-04-16,Anime Mystery Box,1,60,60,0,0,60,Florida
SS4291,2024-04-16,Anime Mystery Box,2,60,120,0,0,120,Tennessee
SS4292,2024-04-17,Demon Slayer Poster,2,15,30,0,0,30,Florida
SS4293,2024-04-17,Attack on Titan T-Shirt,2,28,56,0,0,56,Virginia
SS4294,2024-04-17,My Hero Academia Backpack,1,48,48,5.63,0,42.37,Nevada
SS4295,2024-04-17,Anime Mystery Box,2,60,120,0,0,120,California
SS4296,2024-04-17,Naruto Hoodie,1,55,55,0,0,55,Virginia
SS4297,2024-04-17,Anime Mystery Box,2,60,120,0,0,120,Ohio
SS4298,2024-04-17,Naruto Hoodie,1,55,55,8.79,0,46.21,New York
SS4299,2024-04-18,Dragon Ball Z Hat,2,22,44,0,0,44,Illinois
SS4300,2024-04-18,Attack on Titan T-Shirt,1,28,28,0,0,28,Texas
SS4301,2024-04-18,Anime Mystery Box,1,60,60,0,0,60,Ohio
SS4302,2024-04-18,Anime Mystery Box,2,60,120,0,120,0,New Jersey
SS4303,2024-04-18,Anime Mystery Box,3,60,180,26.21,0,153.79,Texas
SS4304,2024-04-18,Dragon Ball Z Hat,1,22,22,0,0,22,California
SS4305,2024-04-18,Anime Mystery Box,2,60,120,0,0,120,California
SS4306,2024-04-18,Anime Mystery Box,3,60,180,13.9,0,166.1,Illinois
SS4307,2024-04-18,Attack on Titan T-Shirt,3,28,84,0,0,84,Virginia
SS4308,2024-04-18,Naruto Hoodie,1,55,55,8.18,0,46.82,Washington
SS4309,2024-04-18,Naruto Hoodie,1,55,55,0,0,55,Indiana
SS4310,2024-04-18,Jujutsu Kaisen Keychain,3,8,24,0,24,0,Texas
SS4311,2024-04-18,Anime Mystery Box,1,60,60,0,0,60,Washington
SS4312,2024-04-19,Naruto Hoodie,1,55,55,0,0,55,Texas
SS4313,2024-04-19,Attack on Titan T-Shirt,1,28,28,3.06,0,24.94,Florida
SS4314,2024-04-19,Anime Mystery Box,2,60,120,0,0,120,California
SS4315,2024-04-19,Jujutsu Kaisen Keychain,1,8,8,0,0,8,New York
SS4316,2024-04-19,One Piece Figure,3,35,105,6.36,0,98.64,North Carolina
SS4317,2024-04-19,Attack on Titan T-Shirt,2,28,56,0,0,56,Florida
SS4318,2024-04-19,Anime Mystery Box,2,60,120,0,0,120,New Jersey
SS4319,2024-04-19,Attack on Titan T-Shirt,3,28,84,5.12,0,78.88,Florida
SS4320,2024-04-19,Jujutsu Kaisen Keychain,1,8,8,0,0,8,California
SS4321,2024-04-19,Anime Mystery Box,1,60,60,0,0,60,Washington
SS4322,2024-04-19,Naruto Hoodie,2,55,110,18.09,0,91.91,Indiana
SS4323,2024-04-19,One Piece Figure,1,35,35,0,0,35,Massachusetts
SS4324,2024-04-19,Jujutsu Kaisen Keychain,3,8,24,0,0,24,Texas
SS4325,2024-04-19,My Hero Academia Backpack,3,48,144,15.86,0,128.14,Texas
SS4326,2024-04-19,One Piece Figure,1,35,35,0,0,35,Texas
SS4327,2024-04-20,One Piece Figure,2,35,70,0,0,70,Arizona
SS4328,2024-04-20,Anime Mystery Box,1,60,60,0,0,60,New Jersey
SS4329,2024-04-20,Demon Slayer Poster,1,15,15,0,0,15,Tennessee
SS4330,2024-04-20,My Hero Academia Backpack,3,48,144,0,0,144,Colorado
SS4331,2024-04-20,Dragon Ball Z Hat,1,22,22,0,0,22,Texas
SS4332,2024-04-20,Naruto Hoodie,1,55,55,10.46,0,44.54,Florida
SS4333,2024-04-20,Attack on Titan T-Shirt,1,28,28,0,0,28,Florida
SS4334,2024-04-20,Naruto Hoodie,1,55,55,8.65,0,46.35,Florida
SS4335,2024-04-20,Anime Mystery Box,3,60,180,0,0,180,Florida
SS4336,2024-04-20,Attack on Titan T-Shirt,2,28,56,0,0,56,Michigan
SS4337,2024-04-21,Naruto Hoodie,1,55,55,0,0,55,Texas
SS4338,2024-04-21,Anime Mystery Box,1,60,60,0,0,60,California
SS4339,2024-04-21,Naruto Hoodie,1,55,55,0,0,55,Pennsylvania
SS4340,2024-04-21,Anime Mystery Box,1,60,60,0,0,60,Ohio
SS4341,2024-04-21,Naruto Hoodie,3,55,165,0,0,165,Pennsylvania
SS4342,2024-04-21,One Piece Figure,3,35,105,0,0,105,Texas
SS4343,2024-04-21,Naruto Hoodie,2,55,110,13.36,0,96.64,Texas
SS4344,2024-04-21,One Piece Figure,2,35,70,0,0,70,Florida
SS4345,2024-04-21,Naruto Hoodie,2,55,110,0,110,0,North Carolina
SS4346,2024-04-22,One Piece Figure,1,35,35,3.37,0,31.63,Florida
SS4347,2024-04-22,My Hero Academia Backpack,2,48,96,9.68,0,86.32,California
SS4348,2024-04-22,Dragon Ball Z Hat,3,22,66,0,0,66,California
SS4349,2024-04-22,Anime Mystery Box,1,60,60,0,0,60,Texas
SS4350,2024-04-22,Anime Mystery Box,2,60,120,0,120,0,Ohio
SS4351,2024-04-22,Naruto Hoodie,3,55,165,0,0,165,Florida
SS4352,2024-04-22,Dragon Ball Z Hat,2,22,44,0,0,44,Florida
SS4353,2024-04-22,Naruto Hoodie,2,55,110,9.6,0,100.4,Florida
SS4354,2024-04-23,Anime Mystery Box,2,60,120,0,0,120,Florida
SS4355,2024-04-23,Naruto Hoodie,3,55,165,0,0,165,Florida
SS4356,2024-04-23,Jujutsu Kaisen Keychain,3,8,24,0,0,24,Texas
SS4357,2024-04-23,Demon Slayer Poster,3,15,45,0,0,45,Arizona
SS4358,2024-04-23,Naruto Hoodie,2,55,110,0,0,110,Florida
SS4359,2024-04-23,Dragon Ball Z Hat,1,22,22,2.93,0,19.07,Texas
SS4360,2024-04-24,Jujutsu Kaisen Keychain,1,8,8,0.73,0,7.27,California
SS4361,2024-04-24,Demon Slayer Poster,1,15,15,0,0,15,North Carolina
SS4362,2024-04-24,Demon Slayer Poster,1,15,15,0,0,15,Illinois
SS4363,2024-04-24,Naruto Hoodie,1,55,55,0,0,55,Florida
SS4364,2024-04-24,Demon Slayer Poster,2,15,30,0,0,30,Pennsylvania
SS4365,2024-04-24,Attack on Titan T-Shirt,2,28,56,4.79,0,51.21,California
SS4366,2024-04-24,Naruto Hoodie,2,55,110,0,0,110,New Jersey
SS4367,2024-04-24,Naruto Hoodie,2,55,110,0,0,110,Tennessee
SS4368,2024-04-24,My Hero Academia Backpack,1,48,48,0,0,48,Florida
SS4369,2024-04-24,Anime Mystery Box,1,60,60,7.18,0,52.82,California
SS4370,2024-04-24,Anime Mystery Box,2,60,120,0,0,120,Washington
SS4371,2024-04-24,Naruto Hoodie,1,55,55,0,0,55,Illinois
SS4372,2024-04-25,Naruto Hoodie,1,55,55,0,0,55,New Jersey
SS4373,2024-04-25,Anime Mystery Box,2,60,120,0,0,120,Indiana
SS4374,2024-04-25,Anime Mystery Box,3,60,180,0,0,180,Florida
SS4375,2024-04-25,Demon Slayer Poster,3,15,45,0,0,45,Nevada
SS4376,2024-04-25,Dragon Ball Z Hat,3,22,66,0,0,66,Missouri
SS4377,2024-04-25,Anime Mystery Box,2,60,120,0,0,120,California
SS4378,2024-04-25,Demon Slayer Poster,1,15,15,0,0,15,Georgia
SS4379,2024-04-25,Naruto Hoodie,2,55,110,11.49,0,98.51,Colorado
SS4380,2024-04-25,Jujutsu Kaisen Keychain,2,8,16,0,0,16,Michigan
SS4381,2024-04-25,Jujutsu Kaisen Keychain,2,8,16,0,0,16,California
SS4382,2024-04-25,Attack on Titan T-Shirt,1,28,28,0,0,28,Florida
SS4383,2024-04-25,Anime Mystery Box,2,60,120,0,0,120,Texas
SS4384,2024-04-25,Anime Mystery Box,3,60,180,0,0,180,California
SS4385,2024-04-25,Anime Mystery Box,3,60,180,0,0,180,California
SS4386,2024-04-25,Attack on Titan T-Shirt,2,28,56,0,0,56,Texas
SS4387,2024-04-25,Demon Slayer Poster,2,15,30,5.25,0,24.75,California
SS4388,2024-04-26,Anime Mystery Box,1,60,60,0,0,60,California
SS4389,2024-04-26,Naruto Hoodie,2,55,110,0,0,110,Virginia
SS4390,2024-04-26,My Hero Academia Backpack,1,48,48,0,0,48,Michigan
SS4391,2024-04-26,My Hero Academia Backpack,3,48,144,0,0,144,Texas
SS4392,2024-04-26,Naruto Hoodie,2,55,110,0,0,110,Texas
SS4393,2024-04-26,Naruto Hoodie,3,55,165,0,0,165,Massachusetts
SS4394,2024-04-26,Dragon Ball Z Hat,3,22,66,0,0,66,Florida
SS4395,2024-04-26,Demon Slayer Poster,2,15,30,4.53,0,25.47,Texas
SS4396,2024-04-27,Anime Mystery Box,3,60,180,0,0,180,Texas
SS4397,2024-04-27,Anime Mystery Box,2,60,120,0,0,120,California
SS4398,2024-04-27,Anime Mystery Box,2,60,120,0,120,0,Washington
SS4399,2024-04-27,Naruto Hoodie,2,55,110,0,0,110,New Jersey
SS4400,2024-04-27,Dragon Ball Z Hat,1,22,22,0,0,22,Missouri
SS4401,2024-04-27,Naruto Hoodie,2,55,110,15.38,94.62,0,California
SS4402,2024-04-27,Anime Mystery Box,3,60,180,0,0,180,Texas
SS4403,2024-04-27,Naruto Hoodie,1,55,55,9.5,0,45.5,Texas
SS4404,2024-04-27,Anime Mystery Box,3,60,180,20.79,0,159.21,Texas
SS4405,2024-04-27,Anime Mystery Box,1,60,60,0,0,60,North Carolina
SS4406,2024-04-27,Jujutsu Kaisen Keychain,1,8,8,1.01,6.99,0,Florida
SS4407,2024-04-27,Anime Mystery Box,1,60,60,0,0,60,Texas
SS4408,2024-04-27,Anime Mystery Box,3,60,180,0,0,180,Florida
SS4409,2024-04-27,Naruto Hoodie,2,55,110,21.25,0,88.75,Colorado
SS4410,2024-04-27,Naruto Hoodie,3,55,165,0,0,165,Missouri
SS4411,2024-04-28,Naruto Hoodie,1,55,55,0,0,55,North Carolina
SS4412,2024-04-28,Attack on Titan T-Shirt,3,28,84,6.54,0,77.46,Texas
SS4413,2024-04-28,Naruto Hoodie,3,55,165,0,0,165,Texas
SS4414,2024-04-28,Naruto Hoodie,1,55,55,0,0,55,Texas
SS4415,2024-04-28,Anime Mystery Box,3,60,180,0,0,180,Texas
SS4416,2024-04-28,Anime Mystery Box,3,60,180,20.24,0,159.76,Texas
SS4417,2024-04-28,Naruto Hoodie,3,55,165,0,0,165,California
SS4418,2024-04-28,Naruto Hoodie,1,55,55,0,0,55,New York
SS4419,2024-04-28,One Piece Figure,1,35,35,0,0,35,Ohio
SS4420,2024-04-28,Demon Slayer Poster,2,15,30,0,0,30,New Jersey
SS4421,2024-04-28,Dragon Ball Z Hat,2,22,44,0,0,44,Florida
SS4422,2024-04-28,Demon Slayer Poster,2,15,30,5.37,0,24.63,Texas
SS4423,2024-04-28,Attack on Titan T-Shirt,3,28,84,0,0,84,Florida
SS4424,2024-04-28,Anime Mystery Box,2,60,120,0,0,120,New York
SS4425,2024-04-28,Anime Mystery Box,3,60,180,0,180,0,New Jersey
SS4426,2024-04-28,Demon Slayer Poster,3,15,45,0,0,45,Texas
SS4427,2024-04-29,My Hero Academia Backpack,2,48,96,0,0,96,Florida
SS4428,2024-04-29,Attack on Titan T-Shirt,1,28,28,4.08,0,23.92,Massachusetts
SS4429,2024-04-29,Anime Mystery Box,2,60,120,0,0,120,Michigan
SS4430,2024-04-29,Naruto Hoodie,2,55,110,0,0,110,Florida
SS4431,2024-04-29,Jujutsu Kaisen Keychain,3,8,24,0,0,24,Texas
SS4432,2024-04-29,Jujutsu Kaisen Keychain,1,8,8,0,0,8,Texas
SS4433,2024-04-29,Attack on Titan T-Shirt,2,28,56,0,0,56,California
SS4434,2024-04-29,Naruto Hoodie,1,55,55,0,0,55,Georgia
SS4435,2024-04-30,Naruto Hoodie,1,55,55,0,0,55,Texas
SS4436,2024-04-30,Naruto Hoodie,3,55,165,12.81,0,152.19,Washington
SS4437,2024-04-30,Anime Mystery Box,2,60,120,0,0,120,Ohio
SS4438,2024-04-30,Naruto Hoodie,2,55,110,0,0,110,Ohio
SS4439,2024-04-30,Anime Mystery Box,3,60,180,27.12,0,152.88,Texas
SS4440,2024-04-30,Anime Mystery Box,2,60,120,0,0,120,California
SS4441,2024-04-30,Demon Slayer Poster,2,15,30,0,0,30,Indiana
SS4442,2024-04-30,Anime Mystery Box,1,60,60,0,0,60,Massachusetts
SS4443,2024-04-30,Naruto Hoodie,3,55,165,0,0,165,North Carolina
SS4444,2024-04-30,Naruto Hoodie,3,55,165,17.96,0,147.04,Texas
SS4445,2024-04-30,Anime Mystery Box,3,60,180,0,0,180,California
SS4446,2024-04-30,Anime Mystery Box,2,60,120,0,0,120,Illinois
SS4447,2024-04-30,Demon Slayer Poster,2,15,30,5.54,0,24.46,Georgia
SS4448,2024-05-01,Naruto Hoodie,1,55,55,3.11,0,51.89,California
SS4449,2024-05-01,Naruto Hoodie,1,55,55,0,0,55,Texas
SS4450,2024-05-01,One Piece Figure,2,35,70,0,0,70,Colorado
SS4451,2024-05-01,Naruto Hoodie,1,55,55,9.47,0,45.53,New York
SS4452,2024-05-01,Anime Mystery Box,1,60,60,0,60,0,Georgia
SS4453,2024-05-01,Demon Slayer Poster,2,15,30,5.26,0,24.74,Florida
SS4454,2024-05-01,Attack on Titan T-Shirt,1,28,28,0,0,28,Texas
SS4455,2024-05-01,Naruto Hoodie,1,55,55,10.08,0,44.92,Indiana
SS4456,2024-05-01,Anime Mystery Box,3,60,180,0,180,0,California
SS4457,2024-05-02,Demon Slayer Poster,2,15,30,3.93,0,26.07,Florida
SS4458,2024-05-02,Naruto Hoodie,1,55,55,0,0,55,Georgia
SS4459,2024-05-02,Anime Mystery Box,3,60,180,0,180,0,Texas
SS4460,2024-05-02,My Hero Academia Backpack,3,48,144,8.01,0,135.99,Florida
SS4461,2024-05-02,Demon Slayer Poster,3,15,45,0,0,45,Missouri
SS4462,2024-05-02,Anime Mystery Box,2,60,120,0,0,120,California
SS4463,2024-05-02,Naruto Hoodie,1,55,55,0,0,55,Virginia
SS4464,2024-05-02,Anime Mystery Box,1,60,60,0,0,60,New York
SS4465,2024-05-02,Naruto Hoodie,1,55,55,0,0,55,Washington
SS4466,2024-05-02,One Piece Figure,3,35,105,0,0,105,California
SS4467,2024-05-02,Demon Slayer Poster,1,15,15,2.87,0,12.13,Nevada
SS4468,2024-05-02,Anime Mystery Box,1,60,60,0,0,60,Tennessee
SS4469,2024-05-02,Anime Mystery Box,3,60,180,35.74,0,144.26,California
SS4470,2024-05-02,Anime Mystery Box,1,60,60,0,0,60,California
SS4471,2024-05-03,My Hero Academia Backpack,2,48,96,0,0,96,California
SS4472,2024-05-03,Jujutsu Kaisen Keychain,3,8,24,2.84,0,21.16,California
SS4473,2024-05-03,Demon Slayer Poster,1,15,15,0,0,15,Texas
SS4474,2024-05-03,Demon Slayer Poster,2,15,30,0,0,30,Florida
SS4475,2024-05-03,Anime Mystery Box,1,60,60,0,0,60,Tennessee
SS4476,2024-05-03,Attack on Titan T-Shirt,2,28,56,6.45,0,49.55,Texas
SS4477,2024-05-03,Anime Mystery Box,3,60,180,0,0,180,Florida
SS4478,2024-05-03,One Piece Figure,1,35,35,0,0,35,Texas
SS4479,2024-05-03,Anime Mystery Box,1,60,60,0,0,60,California
SS4480,2024-05-03,Naruto Hoodie,1,55,55,0,0,55,Texas
SS4481,2024-05-03,Anime Mystery Box,1,60,60,0,0,60,Ohio
SS4482,2024-05-04,Anime Mystery Box,2,60,120,11.08,0,108.92,Florida
SS4483,2024-05-04,One Piece Figure,3,35,105,12.12,0,92.88,Florida
SS4484,2024-05-04,Anime Mystery Box,1,60,60,9.74,0,50.26,Pennsylvania
SS4485,2024-05-04,Naruto Hoodie,2,55,110,0,0,110,Arizona
SS4486,2024-05-04,My Hero Academia Backpack,1,48,48,3.77,0,44.23,Illinois
SS4487,2024-05-04,Naruto Hoodie,1,55,55,4.77,0,50.23,Pennsylvania
SS4488,2024-05-04,Jujutsu Kaisen Keychain,1,8,8,0,0,8,Florida
SS4489,2024-05-04,One Piece Figure,1,35,35,3.85,0,31.15,Florida
SS4490,2024-05-04,One Piece Figure,1,35,35,0,35,0,Ohio
SS4491,2024-05-04,Anime Mystery Box,3,60,180,20.24,0,159.76,Texas
SS4492,2024-05-04,Attack on Titan T-Shirt,3,28,84,0,0,84,Indiana
SS4493,2024-05-04,Naruto Hoodie,1,55,55,0,0,55,California
SS4494,2024-05-04,Naruto Hoodie,1,55,55,4.64,0,50.36,Indiana
SS4495,2024-05-04,Naruto Hoodie,1,55,55,0,55,0,Texas
SS4496,2024-05-04,Anime Mystery Box,3,60,180,24.52,0,155.48,Texas
SS4497,2024-05-04,Jujutsu Kaisen Keychain,1,8,8,0,0,8,Michigan
SS4498,2024-05-04,One Piece Figure,1,35,35,0,0,35,California
SS4499,2024-05-04,Anime Mystery Box,2,60,120,0,0,120,Georgia
SS4500,2024-05-05,Naruto Hoodie,3,55,165,0,0,165,Nevada
SS4501,2024-05-05,Naruto Hoodie,3,55,165,0,0,165,Texas
SS4502,2024-05-05,Jujutsu Kaisen Keychain,3,8,24,0,0,24,Texas
SS4503,2024-05-05,Naruto Hoodie,2,55,110,0,0,110,Florida
SS4504,2024-05-05,Naruto Hoodie,3,55,165,0,165,0,Texas
SS4505,2024-05-05,Anime Mystery Box,2,60,120,0,0,120,Florida
SS4506,2024-05-05,Anime Mystery Box,1,60,60,8.66,0,51.34,North Carolina
SS4507,2024-05-05,Anime Mystery Box,3,60,180,0,0,180,Nevada
SS4508,2024-05-05,Attack on Titan T-Shirt,3,28,84,0,0,84,Florida
SS4509,2024-05-05,My Hero Academia Backpack,2,48,96,0,0,96,Texas
SS4510,2024-05-05,Jujutsu Kaisen Keychain,3,8,24,1.43,0,22.57,Indiana
SS4511,2024-05-05,Anime Mystery Box,2,60,120,0,0,120,California
SS4512,2024-05-05,Attack on Titan T-Shirt,2,28,56,0,0,56,California
SS4513,2024-05-05,One Piece Figure,3,35,105,0,0,105,California
SS4514,2024-05-05,Naruto Hoodie,1,55,55,0,0,55,Illinois
SS4515,2024-05-05,Anime Mystery Box,2,60,120,0,0,120,California
SS4516,2024-05-05,Jujutsu Kaisen Keychain,1,8,8,0,0,8,Nevada
SS4517,2024-05-06,Attack on Titan T-Shirt,3,28,84,0,0,84,California
SS4518,2024-05-06,Naruto Hoodie,1,55,55,0,0,55,Texas
SS4519,2024-05-06,One Piece Figure,2,35,70,0,0,70,California
SS4520,2024-05-06,Demon Slayer Poster,2,15,30,0,0,30,Texas
SS4521,2024-05-06,Dragon Ball Z Hat,3,22,66,0,66,0,Illinois
SS4522,2024-05-06,Anime Mystery Box,2,60,120,0,0,120,North Carolina
SS4523,2024-05-06,Naruto Hoodie,1,55,55,0,0,55,Texas
SS4524,2024-05-06,Naruto Hoodie,3,55,165,0,0,165,Florida
SS4525,2024-05-06,Anime Mystery Box,3,60,180,0,180,0,Florida
SS4526,2024-05-07,Demon Slayer Poster,3,15,45,0,0,45,Arizona
SS4527,2024-05-07,One Piece Figure,1,35,35,0,0,35,Missouri
SS4528,2024-05-07,Attack on Titan T-Shirt,1,28,28,2.38,25.62,0,Florida
SS4529,2024-05-07,Anime Mystery Box,2,60,120,17.18,0,102.82,Colorado
SS4530,2024-05-07,My Hero Academia Backpack,3,48,144,0,0,144,North Carolina
SS4531,2024-05-07,Jujutsu Kaisen Keychain,2,8,16,0,16,0,California
SS4532,2024-05-07,Naruto Hoodie,3,55,165,0,0,165,Washington
SS4533,2024-05-07,Naruto Hoodie,3,55,165,11.43,0,153.57,Washington
SS4534,2024-05-07,Anime Mystery Box,2,60,120,0,0,120,California
SS4535,2024-05-07,My Hero Academia Backpack,3,48,144,15.37,0,128.63,Florida
SS4536,2024-05-07,Naruto Hoodie,2,55,110,0,0,110,North Carolina
SS4537,2024-05-07,Anime Mystery Box,2,60,120,0,0,120,Tennessee
SS4538,2024-05-07,Demon Slayer Poster,3,15,45,0,0,45,California
SS4539,2024-05-07,Anime Mystery Box,1,60,60,0,0,60,Missouri
SS4540,2024-05-07,Naruto Hoodie,2,55,110,18.97,0,91.03,California
SS4541,2024-05-08,Dragon Ball Z Hat,1,22,22,1.34,0,20.66,Florida
SS4542,2024-05-08,Naruto Hoodie,2,55,110,0,0,110,New Jersey
SS4543,2024-05-08,Anime Mystery Box,1,60,60,0,0,60,Texas
SS4544,2024-05-08,Anime Mystery Box,1,60,60,0,0,60,Michigan
SS4545,2024-05-08,Dragon Ball Z Hat,1,22,22,0,0,22,Texas
SS4546,2024-05-08,Naruto Hoodie,2,55,110,6.44,0,103.56,Missouri
SS4547,2024-05-08,Naruto Hoodie,1,55,55,0,0,55,Florida
SS4548,2024-05-08,Anime Mystery Box,2,60,120,0,0,120,Florida
SS4549,2024-05-08,Naruto Hoodie,2,55,110,0,0,110,California
SS4550,2024-05-08,Demon Slayer Poster,3,15,45,2.44,0,42.56,Massachusetts
SS4551,2024-05-08,Naruto Hoodie,2,55,110,0,0,110,Florida
SS4552,2024-05-08,Jujutsu Kaisen Keychain,2,8,16,0,16,0,Texas
SS4553,2024-05-08,Dragon Ball Z Hat,3,22,66,0,0,66,Indiana
SS4554,2024-05-08,One Piece Figure,2,35,70,0,0,70,Texas
SS4555,2024-05-08,Naruto Hoodie,2,55,110,0,0,110,Michigan
SS4556,2024-05-09,Anime Mystery Box,1,60,60,0,0,60,Ohio
SS4557,2024-05-09,Anime Mystery Box,1,60,60,0,0,60,North Carolina
SS4558,2024-05-09,My Hero Academia Backpack,3,48,144,8.11,0,135.89,Texas
SS4559,2024-05-09,Demon Slayer Poster,3,15,45,0,0,45,Washington
SS4560,2024-05-09,Naruto Hoodie,2,55,110,15.89,0,94.11,Florida
SS4561,2024-05-09,One Piece Figure,3,35,105,6.6,0,98.4,Texas
SS4562,2024-05-09,Anime Mystery Box,1,60,60,0,0,60,California
SS4563,2024-05-09,Naruto Hoodie,2,55,110,6.2,0,103.8,Massachusetts
SS4564,2024-05-09,My Hero Academia Backpack,3,48,144,15.73,0,128.27,Massachusetts
SS4565,2024-05-09,My Hero Academia Backpack,3,48,144,27.74,0,116.26,Texas
SS4566,2024-05-09,Naruto Hoodie,3,55,165,0,0,165,Texas
SS4567,2024-05-09,Attack on Titan T-Shirt,2,28,56,0,0,56,California
SS4568,2024-05-10,Anime Mystery Box,3,60,180,0,0,180,Texas
SS4569,2024-05-10,Dragon Ball Z Hat,3,22,66,0,0,66,Florida
SS4570,2024-05-10,Naruto Hoodie,1,55,55,6.29,0,48.71,California
SS4571,2024-05-10,Naruto Hoodie,1,55,55,4.04,0,50.96,Texas
SS4572,2024-05-10,Jujutsu Kaisen Keychain,2,8,16,0,0,16,Missouri
SS4573,2024-05-10,My Hero Academia Backpack,3,48,144,28.37,0,115.63,North Carolina
SS4574,2024-05-10,Anime Mystery Box,1,60,60,7.05,0,52.95,Florida
SS4575,2024-05-10,My Hero Academia Backpack,1,48,48,0,0,48,Florida
SS4576,2024-05-10,Naruto Hoodie,1,55,55,0,0,55,Ohio
SS4577,2024-05-10,Dragon Ball Z Hat,1,22,22,0,0,22,Illinois
SS4578,2024-05-10,Naruto Hoodie,1,55,55,5.05,0,49.95,New York
SS4579,2024-05-10,Naruto Hoodie,2,55,110,5.59,0,104.41,Ohio
SS4580,2024-05-10,Naruto Hoodie,1,55,55,0,55,0,California
SS4581,2024-05-10,My Hero Academia Backpack,3,48,144,0,0,144,New Jersey
SS4582,2024-05-10,Anime Mystery Box,2,60,120,0,0,120,Indiana
SS4583,2024-05-10,Anime Mystery Box,2,60,120,21.25,0,98.75,Texas
SS4584,2024-05-11,Naruto Hoodie,3,55,165,0,0,165,Texas
SS4585,2024-05-11,Naruto Hoodie,3,55,165,29.87,135.13,0,Florida
SS4586,2024-05-11,My Hero Academia Backpack,3,48,144,9.11,0,134.89,Texas
SS4587,2024-05-11,Naruto Hoodie,2,55,110,0,0,110,Texas
SS4588,2024-05-11,My Hero Academia Backpack,3,48,144,0,0,144,California
SS4589,2024-05-11,Anime Mystery Box,2,60,120,0,0,120,Illinois
SS4590,2024-05-11,Anime Mystery Box,2,60,120,0,120,0,Texas
SS4591,2024-05-11,Demon Slayer Poster,1,15,15,0,0,15,Texas
SS4592,2024-05-11,Dragon Ball Z Hat,1,22,22,3.39,0,18.61,Florida
SS4593,2024-05-11,Anime Mystery Box,1,60,60,11.11,0,48.89,Texas
SS4594,2024-05-11,Naruto Hoodie,2,55,110,0,0,110,California
SS4595,2024-05-11,Naruto Hoodie,3,55,165,0,0,165,Illinois
SS4596,2024-05-11,Naruto Hoodie,2,55,110,0,0,110,Texas
SS4597,2024-05-11,Attack on Titan T-Shirt,2,28,56,0,0,56,Colorado
SS4598,2024-05-11,Jujutsu Kaisen Keychain,3,8,24,0,0,24,North Carolina
SS4599,2024-05-11,Naruto Hoodie,3,55,165,0,0,165,Texas
SS4600,2024-05-11,Anime Mystery Box,1,60,60,0,0,60,California
SS4601,2024-05-12,Naruto Hoodie,2,55,110,16.12,0,93.88,Nevada
SS4602,2024-05-12,Naruto Hoodie,2,55,110,0,0,110,Florida
SS4603,2024-05-12,Naruto Hoodie,3,55,165,17.46,0,147.54,Texas
SS4604,2024-05-12,My Hero Academia Backpack,2,48,96,0,0,96,New Jersey
SS4605,2024-05-12,Naruto Hoodie,3,55,165,32.41,0,132.59,Illinois
SS4606,2024-05-12,Jujutsu Kaisen Keychain,3,8,24,4.7,0,19.3,Texas
SS4607,2024-05-12,Naruto Hoodie,3,55,165,0,0,165,Florida
SS4608,2024-05-12,Anime Mystery Box,1,60,60,0,0,60,Florida
SS4609,2024-05-12,Anime Mystery Box,3,60,180,0,0,180,Texas
SS4610,2024-05-12,Jujutsu Kaisen Keychain,1,8,8,0,0,8,Texas
SS4611,2024-05-12,One Piece Figure,3,35,105,17.55,87.45,0,California
SS4612,2024-05-12,Jujutsu Kaisen Keychain,3,8,24,0,0,24,Florida
SS4613,2024-05-12,Naruto Hoodie,2,55,110,0,0,110,Florida
SS4614,2024-05-12,Naruto Hoodie,2,55,110,14.72,0,95.28,Florida
SS4615,2024-05-12,One Piece Figure,3,35,105,0,0,105,Pennsylvania
SS4616,2024-05-12,Demon Slayer Poster,3,15,45,8.17,0,36.83,California
SS4617,2024-05-12,Anime Mystery Box,2,60,120,0,0,120,Florida
SS4618,2024-05-13,Attack on Titan T-Shirt,2,28,56,0,0,56,California
SS4619,2024-05-13,Anime Mystery Box,1,60,60,0,0,60,California
SS4620,2024-05-13,Anime Mystery Box,2,60,120,11.98,108.02,0,Texas
SS4621,2024-05-13,Anime Mystery Box,2,60,120,0,0,120,Michigan
SS4622,2024-05-13,Naruto Hoodie,3,55,165,0,0,165,Pennsylvania
SS4623,2024-05-13,Demon Slayer Poster,1,15,15,0,0,15,California
SS4624,2024-05-13,One Piece Figure,1,35,35,5.92,0,29.08,Florida
SS4625,2024-05-14,Attack on Titan T-Shirt,3,28,84,0,0,84,Illinois
SS4626,2024-05-14,My Hero Academia Backpack,2,48,96,0,0,96,Illinois
SS4627,2024-05-14,Anime Mystery Box,1,60,60,0,0,60,Florida
SS4628,2024-05-14,Anime Mystery Box,1,60,60,0,0,60,New Jersey
SS4629,2024-05-14,My Hero Academia Backpack,2,48,96,0,0,96,California
SS4630,2024-05-14,One Piece Figure,1,35,35,0,0,35,Texas
SS4631,2024-05-14,Dragon Ball Z Hat,2,22,44,0,0,44,Texas
SS4632,2024-05-14,Attack on Titan T-Shirt,2,28,56,0,0,56,Massachusetts
SS4633,2024-05-14,Dragon Ball Z Hat,1,22,22,3.14,0,18.86,California
SS4634,2024-05-14,Anime Mystery Box,1,60,60,6.8,0,53.2,Indiana
SS4635,2024-05-14,Demon Slayer Poster,1,15,15,0,0,15,Nevada
SS4636,2024-05-14,Anime Mystery Box,3,60,180,0,0,180,Florida
SS4637,2024-05-14,Anime Mystery Box,1,60,60,0,0,60,Texas
SS4638,2024-05-15,Jujutsu Kaisen Keychain,2,8,16,0.89,0,15.11,Washington
SS4639,2024-05-15,Demon Slayer Poster,3,15,45,0,0,45,Washington
SS4640,2024-05-15,Naruto Hoodie,3,55,165,0,0,165,Nevada
SS4641,2024-05-15,Naruto Hoodie,1,55,55,0,0,55,Texas
SS4642,2024-05-15,My Hero Academia Backpack,2,48,96,0,0,96,California
SS4643,2024-05-15,Anime Mystery Box,2,60,120,13.05,0,106.95,California
SS4644,2024-05-16,One Piece Figure,2,35,70,6.26,0,63.74,California
SS4645,2024-05-16,Jujutsu Kaisen Keychain,1,8,8,0,0,8,California
SS4646,2024-05-16,Anime Mystery Box,2,60,120,0,0,120,California
SS4647,2024-05-16,Anime Mystery Box,1,60,60,9.7,0,50.3,Texas
SS4648,2024-05-16,Naruto Hoodie,3,55,165,0,0,165,California
SS4649,2024-05-16,Anime Mystery Box,3,60,180,23.39,0,156.61,North Carolina
SS4650,2024-05-16,Anime Mystery Box,1,60,60,4.41,0,55.59,Texas
SS4651,2024-05-16,One Piece Figure,1,35,35,0,0,35,Florida
SS4652,2024-05-16,Naruto Hoodie,2,55,110,6.98,0,103.02,Florida
SS4653,2024-05-17,Naruto Hoodie,1,55,55,0,0,55,Arizona
SS4654,2024-05-17,Anime Mystery Box,3,60,180,15.51,0,164.49,Texas
SS4655,2024-05-17,One Piece Figure,2,35,70,0,0,70,Massachusetts
SS4656,2024-05-17,My Hero Academia Backpack,3,48,144,0,0,144,Florida
SS4657,2024-05-17,Anime Mystery Box,3,60,180,20.69,0,159.31,Georgia
SS4658,2024-05-17,Naruto Hoodie,2,55,110,0,0,110,Massachusetts
SS4659,2024-05-18,Anime Mystery Box,1,60,60,0,0,60,New Jersey
SS4660,2024-05-18,Attack on Titan T-Shirt,2,28,56,0,0,56,Florida
SS4661,2024-05-18,My Hero Academia Backpack,2,48,96,0,0,96,Illinois
SS4662,2024-05-18,Dragon Ball Z Hat,1,22,22,2.06,0,19.94,Nevada
SS4663,2024-05-18,Demon Slayer Poster,2,15,30,0,0,30,Texas
SS4664,2024-05-18,Anime Mystery Box,1,60,60,0,0,60,California
SS4665,2024-05-18,Anime Mystery Box,3,60,180,0,0,180,Florida
SS4666,2024-05-18,Demon Slayer Poster,1,15,15,2.05,0,12.95,Florida
SS4667,2024-05-18,Anime Mystery Box,2,60,120,0,120,0,California
SS4668,2024-05-18,Jujutsu Kaisen Keychain,2,8,16,0,0,16,Virginia
SS4669,2024-05-18,Naruto Hoodie,1,55,55,0,0,55,California
SS4670,2024-05-18,Dragon Ball Z Hat,3,22,66,3.45,0,62.55,Texas
SS4671,2024-05-18,Naruto Hoodie,1,55,55,0,0,55,Massachusetts
SS4672,2024-05-18,Naruto Hoodie,2,55,110,0,0,110,California
SS4673,2024-05-18,Jujutsu Kaisen Keychain,1,8,8,0.72,0,7.28,California
SS4674,2024-05-18,Jujutsu Kaisen Keychain,1,8,8,0,0,8,California
SS4675,2024-05-18,Naruto Hoodie,3,55,165,0,0,165,Washington
SS4676,2024-05-18,Jujutsu Kaisen Keychain,3,8,24,0,0,24,Florida
SS4677,2024-05-19,Dragon Ball Z Hat,3,22,66,5.95,0,60.05,Georgia
SS4678,2024-05-19,Naruto Hoodie,1,55,55,10.65,0,44.35,Texas
SS4679,2024-05-19,Naruto Hoodie,3,55,165,0,0,165,Michigan
SS4680,2024-05-19,My Hero Academia Backpack,3,48,144,13.49,0,130.51,Ohio
SS4681,2024-05-19,Anime Mystery Box,2,60,120,0,0,120,Texas
SS4682,2024-05-19,Anime Mystery Box,3,60,180,13.96,0,166.04,California
SS4683,2024-05-19,Anime Mystery Box,1,60,60,0,0,60,Illinois
SS4684,2024-05-19,Naruto Hoodie,3,55,165,14.52,0,150.48,Indiana
SS4685,2024-05-19,Naruto Hoodie,1,55,55,0,0,55,California
SS4686,2024-05-19,Jujutsu Kaisen Keychain,2,8,16,2.49,0,13.51,North Carolina
SS4687,2024-05-19,Anime Mystery Box,2,60,120,9.01,0,110.99,Massachusetts
SS4688,2024-05-19,One Piece Figure,3,35,105,0,0,105,Tennessee
SS4689,2024-05-19,Naruto Hoodie,3,55,165,0,165,0,Texas
SS4690,2024-05-19,Demon Slayer Poster,1,15,15,0,0,15,California
SS4691,2024-05-19,Naruto Hoodie,1,55,55,8.79,0,46.21,Massachusetts
SS4692,2024-05-19,Anime Mystery Box,2,60,120,0,0,120,Virginia
SS4693,2024-05-20,Anime Mystery Box,3,60,180,25.29,0,154.71,Arizona
SS4694,2024-05-20,Anime Mystery Box,1,60,60,4.86,0,55.14,Nevada
SS4695,2024-05-20,Anime Mystery Box,2,60,120,0,0,120,California
SS4696,2024-05-20,Naruto Hoodie,2,55,110,0,0,110,Indiana
SS4697,2024-05-20,Naruto Hoodie,1,55,55,0,0,55,Texas
SS4698,2024-05-20,Attack on Titan T-Shirt,1,28,28,3.91,0,24.09,Texas
SS4699,2024-05-20,Demon Slayer Poster,3,15,45,0,0,45,Texas
SS4700,2024-05-20,Naruto Hoodie,3,55,165,0,0,165,Pennsylvania
SS4701,2024-05-20,Anime Mystery Box,3,60,180,0,0,180,California
SS4702,2024-05-20,My Hero Academia Backpack,3,48,144,0,0,144,North Carolina
SS4703,2024-05-20,Anime Mystery Box,1,60,60,0,0,60,Missouri
SS4704,2024-05-20,Jujutsu Kaisen Keychain,1,8,8,0,8,0,Arizona
SS4705,2024-05-20,One Piece Figure,1,35,35,0,0,35,New Jersey
SS4706,2024-05-21,Attack on Titan T-Shirt,1,28,28,0,0,28,California
SS4707,2024-05-21,Anime Mystery Box,2,60,120,17.49,102.51,0,Texas
SS4708,2024-05-21,Dragon Ball Z Hat,2,22,44,0,0,44,Florida
SS4709,2024-05-21,Anime Mystery Box,3,60,180,11.87,0,168.13,New Jersey
SS4710,2024-05-21,Jujutsu Kaisen Keychain,2,8,16,1.58,0,14.42,Texas
SS4711,2024-05-21,Demon Slayer Poster,3,15,45,0,0,45,Ohio
SS4712,2024-05-21,Demon Slayer Poster,2,15,30,0,0,30,New Jersey
SS4713,2024-05-21,Demon Slayer Poster,1,15,15,0,0,15,Ohio
SS4714,2024-05-21,Naruto Hoodie,3,55,165,0,0,165,California
SS4715,2024-05-22,One Piece Figure,1,35,35,0,35,0,Michigan
SS4716,2024-05-22,Naruto Hoodie,3,55,165,26.44,0,138.56,Virginia
SS4717,2024-05-22,My Hero Academia Backpack,3,48,144,0,0,144,Florida
SS4718,2024-05-22,Anime Mystery Box,3,60,180,0,0,180,California
SS4719,2024-05-22,Naruto Hoodie,1,55,55,0,0,55,Florida
SS4720,2024-05-22,Demon Slayer Poster,1,15,15,0,0,15,Florida
SS4721,2024-05-22,Naruto Hoodie,1,55,55,0,0,55,Texas
SS4722,2024-05-23,Anime Mystery Box,2,60,120,11.26,0,108.74,Illinois
SS4723,2024-05-23,Anime Mystery Box,2,60,120,0,0,120,Massachusetts
SS4724,2024-05-23,One Piece Figure,1,35,35,3.85,0,31.15,California
SS4725,2024-05-23,Anime Mystery Box,1,60,60,0,0,60,California
SS4726,2024-05-23,Dragon Ball Z Hat,2,22,44,0,0,44,California
SS4727,2024-05-23,Anime Mystery Box,1,60,60,0,0,60,Florida
SS4728,2024-05-23,One Piece Figure,1,35,35,0,0,35,Texas
SS4729,2024-05-23,Jujutsu Kaisen Keychain,3,8,24,0,0,24,Florida
SS4730,2024-05-23,Anime Mystery Box,2,60,120,0,0,120,Florida
SS4731,2024-05-23,Anime Mystery Box,3,60,180,22.85,0,157.15,California
SS4732,2024-05-23,Attack on Titan T-Shirt,1,28,28,4.55,0,23.45,Washington
SS4733,2024-05-23,Anime Mystery Box,1,60,60,0,0,60,New Jersey
SS4734,2024-05-23,Anime Mystery Box,3,60,180,0,0,180,Florida
SS4735,2024-05-23,One Piece Figure,2,35,70,0,0,70,Colorado
SS4736,2024-05-23,My Hero Academia Backpack,3,48,144,13.52,0,130.48,Texas
SS4737,2024-05-24,Naruto Hoodie,3,55,165,30.11,0,134.89,Florida
SS4738,2024-05-24,Attack on Titan T-Shirt,3,28,84,0,0,84,Texas
SS4739,2024-05-24,Anime Mystery Box,2,60,120,23,0,97,California
SS4740,2024-05-24,Attack on Titan T-Shirt,2,28,56,0,0,56,California
SS4741,2024-05-24,One Piece Figure,3,35,105,0,0,105,California
SS4742,2024-05-24,Anime Mystery Box,3,60,180,0,180,0,Texas
SS4743,2024-05-24,One Piece Figure,1,35,35,0,0,35,North Carolina
SS4744,2024-05-24,Anime Mystery Box,3,60,180,0,0,180,Michigan
SS4745,2024-05-24,Dragon Ball Z Hat,3,22,66,0,0,66,Texas
SS4746,2024-05-24,Jujutsu Kaisen Keychain,1,8,8,0,0,8,Ohio
SS4747,2024-05-24,Anime Mystery Box,2,60,120,0,0,120,Tennessee
SS4748,2024-05-24,Jujutsu Kaisen Keychain,1,8,8,0,0,8,Texas
SS4749,2024-05-24,Naruto Hoodie,2,55,110,16.65,0,93.35,Nevada
SS4750,2024-05-25,Anime Mystery Box,2,60,120,6.12,0,113.88,New Jersey
SS4751,2024-05-25,Naruto Hoodie,2,55,110,0,0,110,Florida
SS4752,2024-05-25,Anime Mystery Box,2,60,120,0,0,120,California
SS4753,2024-05-25,Anime Mystery Box,2,60,120,0,0,120,Indiana
SS4754,2024-05-25,Demon Slayer Poster,1,15,15,0,0,15,Texas
SS4755,2024-05-25,My Hero Academia Backpack,3,48,144,0,0,144,Florida
SS4756,2024-05-25,Anime Mystery Box,2,60,120,0,0,120,Texas
SS4757,2024-05-25,Naruto Hoodie,2,55,110,0,0,110,California
SS4758,2024-05-25,Anime Mystery Box,3,60,180,31.24,148.76,0,Missouri
SS4759,2024-05-25,Attack on Titan T-Shirt,1,28,28,0,0,28,Arizona
SS4760,2024-05-26,Attack on Titan T-Shirt,3,28,84,0,0,84,California
SS4761,2024-05-26,Dragon Ball Z Hat,2,22,44,0,0,44,Texas
SS4762,2024-05-26,Demon Slayer Poster,1,15,15,0,0,15,Florida
SS4763,2024-05-26,Anime Mystery Box,3,60,180,0,0,180,Florida
SS4764,2024-05-26,Naruto Hoodie,1,55,55,0,0,55,New York
SS4765,2024-05-26,Dragon Ball Z Hat,2,22,44,0,0,44,New York
SS4766,2024-05-26,Naruto Hoodie,1,55,55,0,0,55,California
SS4767,2024-05-26,Anime Mystery Box,2,60,120,0,0,120,Texas
SS4768,2024-05-26,Anime Mystery Box,2,60,120,0,0,120,Florida
SS4769,2024-05-26,Anime Mystery Box,2,60,120,0,0,120,Colorado
SS4770,2024-05-26,Anime Mystery Box,2,60,120,0,0,120,Florida
SS4771,2024-05-26,Anime Mystery Box,3,60,180,0,0,180,Florida
SS4772,2024-05-26,Naruto Hoodie,2,55,110,0,0,110,New Jersey
SS4773,2024-05-26,Anime Mystery Box,1,60,60,0,0,60,Missouri
SS4774,2024-05-26,Anime Mystery Box,1,60,60,0,60,0,Florida
SS4775,2024-05-26,Anime Mystery Box,3,60,180,0,0,180,Florida
SS4776,2024-05-26,Anime Mystery Box,3,60,180,0,0,180,California
SS4777,2024-05-27,Jujutsu Kaisen Keychain,3,8,24,0,0,24,Texas
SS4778,2024-05-27,Naruto Hoodie,2,55,110,5.73,0,104.27,California
SS4779,2024-05-27,Naruto Hoodie,3,55,165,30.15,134.85,0,Texas
SS4780,2024-05-27,Anime Mystery Box,2,60,120,0,0,120,Massachusetts
SS4781,2024-05-27,Anime Mystery Box,3,60,180,0,0,180,Arizona
SS4782,2024-05-27,Naruto Hoodie,1,55,55,7.81,0,47.19,Florida
SS4783,2024-05-27,Naruto Hoodie,2,55,110,0,0,110,Indiana
SS4784,2024-05-27,Naruto Hoodie,1,55,55,4.82,0,50.18,California
SS4785,2024-05-27,Anime Mystery Box,1,60,60,0,0,60,Texas
SS4786,2024-05-27,Demon Slayer Poster,2,15,30,4.12,0,25.88,Arizona
SS4787,2024-05-27,Naruto Hoodie,1,55,55,0,0,55,California
SS4788,2024-05-27,Anime Mystery Box,3,60,180,0,0,180,California
SS4789,2024-05-27,Attack on Titan T-Shirt,2,28,56,3.36,0,52.64,Florida
SS4790,2024-05-28,Anime Mystery Box,3,60,180,0,0,180,Texas
SS4791,2024-05-28,Naruto Hoodie,2,55,110,0,110,0,New York
SS4792,2024-05-28,Naruto Hoodie,2,55,110,0,0,110,New York
SS4793,2024-05-28,Jujutsu Kaisen Keychain,1,8,8,0,0,8,California
SS4794,2024-05-28,Anime Mystery Box,3,60,180,0,0,180,Nevada
SS4795,2024-05-28,Naruto Hoodie,1,55,55,0,0,55,Pennsylvania
SS4796,2024-05-28,Dragon Ball Z Hat,3,22,66,0,0,66,Texas
SS4797,2024-05-28,My Hero Academia Backpack,3,48,144,0,0,144,California
SS4798,2024-05-28,Demon Slayer Poster,3,15,45,0,0,45,North Carolina
SS4799,2024-05-28,Demon Slayer Poster,3,15,45,0,0,45,Texas
SS4800,2024-05-28,Naruto Hoodie,2,55,110,0,0,110,Florida
SS4801,2024-05-29,Anime Mystery Box,1,60,60,0,0,60,Pennsylvania
SS4802,2024-05-29,Anime Mystery Box,1,60,60,0,0,60,New York
SS4803,2024-05-29,Demon Slayer Poster,2,15,30,0,0,30,Florida
SS4804,2024-05-29,Anime Mystery Box,3,60,180,27.11,0,152.89,Illinois
SS4805,2024-05-29,Anime Mystery Box,3,60,180,0,0,180,Texas
SS4806,2024-05-29,Dragon Ball Z Hat,2,22,44,0,0,44,Missouri
SS4807,2024-05-29,Anime Mystery Box,3,60,180,17.57,0,162.43,Arizona
SS4808,2024-05-29,Naruto Hoodie,1,55,55,0,0,55,Texas
SS4809,2024-05-29,Dragon Ball Z Hat,1,22,22,0,0,22,Pennsylvania
SS4810,2024-05-29,Jujutsu Kaisen Keychain,3,8,24,0,0,24,Massachusetts
SS4811,2024-05-29,Anime Mystery Box,2,60,120,0,0,120,North Carolina
SS4812,2024-05-29,Demon Slayer Poster,3,15,45,0,0,45,Illinois
SS4813,2024-05-29,Anime Mystery Box,1,60,60,0,60,0,Massachusetts
SS4814,2024-05-29,Demon Slayer Poster,1,15,15,0,0,15,Indiana
SS4815,2024-05-30,Naruto Hoodie,3,55,165,0,0,165,Arizona
SS4816,2024-05-30,Anime Mystery Box,1,60,60,0,0,60,California
SS4817,2024-05-30,Naruto Hoodie,2,55,110,21.57,0,88.43,Texas
SS4818,2024-05-30,Anime Mystery Box,3,60,180,0,0,180,Florida
SS4819,2024-05-30,Demon Slayer Poster,1,15,15,2.32,0,12.68,New Jersey
SS4820,2024-05-30,Jujutsu Kaisen Keychain,2,8,16,0,0,16,Florida
SS4821,2024-05-30,Anime Mystery Box,1,60,60,0,0,60,Florida
SS4822,2024-05-30,Anime Mystery Box,3,60,180,17.4,0,162.6,Texas
SS4823,2024-05-30,My Hero Academia Backpack,1,48,48,7.23,0,40.77,Georgia
SS4824,2024-05-30,Anime Mystery Box,1,60,60,7.82,52.18,0,Washington
SS4825,2024-05-30,My Hero Academia Backpack,2,48,96,0,0,96,Colorado
SS4826,2024-05-30,Attack on Titan T-Shirt,2,28,56,0,0,56,Florida
SS4827,2024-05-30,Jujutsu Kaisen Keychain,3,8,24,0,0,24,California
SS4828,2024-05-30,Anime Mystery Box,2,60,120,0,0,120,Washington
SS4829,2024-05-30,Anime Mystery Box,1,60,60,0,0,60,California
SS4830,2024-05-30,Anime Mystery Box,1,60,60,8.84,0,51.16,Texas
SS4831,2024-05-30,Demon Slayer Poster,1,15,15,0,0,15,New Jersey
SS4832,2024-05-30,Demon Slayer Poster,3,15,45,4.64,0,40.36,Virginia
SS4833,2024-05-31,My Hero Academia Backpack,2,48,96,0,0,96,Florida
SS4834,2024-05-31,Anime Mystery Box,1,60,60,10.83,0,49.17,California
SS4835,2024-05-31,My Hero Academia Backpack,3,48,144,0,0,144,Florida
SS4836,2024-05-31,Anime Mystery Box,1,60,60,0,0,60,Arizona
SS4837,2024-05-31,One Piece Figure,2,35,70,7.49,62.51,0,California
SS4838,2024-05-31,Attack on Titan T-Shirt,2,28,56,3.52,0,52.48,Florida
SS4839,2024-05-31,Anime Mystery Box,1,60,60,0,0,60,California
SS4840,2024-06-01,Naruto Hoodie,2,55,110,0,0,110,Texas
SS4841,2024-06-01,Naruto Hoodie,3,55,165,0,0,165,Florida
SS4842,2024-06-01,Dragon Ball Z Hat,3,22,66,0,0,66,Tennessee
SS4843,2024-06-01,Anime Mystery Box,3,60,180,0,0,180,California
SS4844,2024-06-01,Attack on Titan T-Shirt,2,28,56,0,0,56,Arizona
SS4845,2024-06-01,My Hero Academia Backpack,3,48,144,0,0,144,California
SS4846,2024-06-01,Naruto Hoodie,3,55,165,0,0,165,Florida
SS4847,2024-06-01,Attack on Titan T-Shirt,2,28,56,10.34,0,45.66,Florida
SS4848,2024-06-01,My Hero Academia Backpack,3,48,144,28.78,0,115.22,California
SS4849,2024-06-01,Naruto Hoodie,3,55,165,0,0,165,California
SS4850,2024-06-01,Jujutsu Kaisen Keychain,2,8,16,0,0,16,New York
SS4851,2024-06-02,Anime Mystery Box,1,60,60,0,0,60,Texas
SS4852,2024-06-02,Naruto Hoodie,1,55,55,0,0,55,California
SS4853,2024-06-02,Naruto Hoodie,3,55,165,13.74,0,151.26,Florida
SS4854,2024-06-02,Naruto Hoodie,2,55,110,0,0,110,Illinois
SS4855,2024-06-02,Naruto Hoodie,1,55,55,6.76,0,48.24,Pennsylvania
SS4856,2024-06-02,Anime Mystery Box,3,60,180,0,0,180,Arizona
SS4857,2024-06-02,Anime Mystery Box,2,60,120,0,0,120,California
SS4858,2024-06-02,Naruto Hoodie,3,55,165,0,0,165,Massachusetts
SS4859,2024-06-02,One Piece Figure,2,35,70,0,0,70,Texas
SS4860,2024-06-02,Naruto Hoodie,3,55,165,18.97,0,146.03,Missouri
SS4861,2024-06-02,Demon Slayer Poster,1,15,15,0,0,15,New York
SS4862,2024-06-02,Demon Slayer Poster,1,15,15,0,0,15,Texas
SS4863,2024-06-02,My Hero Academia Backpack,2,48,96,0,0,96,Florida
SS4864,2024-06-02,Anime Mystery Box,3,60,180,0,0,180,Texas
SS4865,2024-06-02,Naruto Hoodie,1,55,55,0,0,55,Indiana
SS4866,2024-06-02,Naruto Hoodie,1,55,55,0,0,55,Florida
SS4867,2024-06-03,One Piece Figure,2,35,70,0,0,70,Texas
SS4868,2024-06-03,Naruto Hoodie,1,55,55,3.57,0,51.43,New York
SS4869,2024-06-03,Dragon Ball Z Hat,2,22,44,0,0,44,Florida
SS4870,2024-06-03,My Hero Academia Backpack,3,48,144,0,0,144,Missouri
SS4871,2024-06-03,Naruto Hoodie,2,55,110,0,0,110,New Jersey
SS4872,2024-06-03,My Hero Academia Backpack,3,48,144,0,0,144,Missouri
SS4873,2024-06-03,One Piece Figure,2,35,70,12.4,0,57.6,California
SS4874,2024-06-03,Dragon Ball Z Hat,2,22,44,6.46,0,37.54,Texas
SS4875,2024-06-03,Naruto Hoodie,2,55,110,0,0,110,Ohio
SS4876,2024-06-03,Anime Mystery Box,2,60,120,0,0,120,Florida
SS4877,2024-06-03,Naruto Hoodie,1,55,55,0,0,55,Colorado
SS4878,2024-06-03,Naruto Hoodie,2,55,110,20.67,0,89.33,California
SS4879,2024-06-04,Demon Slayer Poster,3,15,45,7.34,0,37.66,Massachusetts
SS4880,2024-06-04,Dragon Ball Z Hat,2,22,44,0,0,44,Texas
SS4881,2024-06-04,Anime Mystery Box,2,60,120,14.84,0,105.16,California
SS4882,2024-06-04,Anime Mystery Box,1,60,60,0,0,60,California
SS4883,2024-06-04,Jujutsu Kaisen Keychain,1,8,8,0,0,8,Arizona
SS4884,2024-06-04,Naruto Hoodie,3,55,165,0,0,165,Washington
SS4885,2024-06-04,Jujutsu Kaisen Keychain,3,8,24,0,0,24,North Carolina
SS4886,2024-06-04,Demon Slayer Poster,1,15,15,0,15,0,North Carolina
SS4887,2024-06-04,Jujutsu Kaisen Keychain,1,8,8,0,0,8,Florida
SS4888,2024-06-04,Dragon Ball Z Hat,3,22,66,0,0,66,Florida
SS4889,2024-06-04,Anime Mystery Box,3,60,180,0,0,180,Texas
SS4890,2024-06-04,Anime Mystery Box,1,60,60,0,0,60,Texas
SS4891,2024-06-04,Naruto Hoodie,2,55,110,21.84,0,88.16,California
SS4892,2024-06-04,Demon Slayer Poster,3,15,45,0,0,45,California
SS4893,2024-06-04,Demon Slayer Poster,3,15,45,0,0,45,Colorado
SS4894,2024-06-04,Anime Mystery Box,1,60,60,5.29,0,54.71,California
SS4895,2024-06-05,Anime Mystery Box,2,60,120,0,0,120,Florida
SS4896,2024-06-05,Anime Mystery Box,1,60,60,0,60,0,California
SS4897,2024-06-05,Anime Mystery Box,2,60,120,0,0,120,Texas
SS4898,2024-06-05,My Hero Academia Backpack,3,48,144,0,0,144,California
SS4899,2024-06-05,Jujutsu Kaisen Keychain,1,8,8,0,0,8,Tennessee
SS4900,2024-06-05,Jujutsu Kaisen Keychain,1,8,8,0,0,8,Missouri
SS4901,2024-06-05,Anime Mystery Box,2,60,120,0,0,120,Texas
SS4902,2024-06-05,Jujutsu Kaisen Keychain,2,8,16,0,0,16,Texas
SS4903,2024-06-05,Anime Mystery Box,3,60,180,0,0,180,North Carolina
SS4904,2024-06-05,Attack on Titan T-Shirt,2,28,56,0,0,56,North Carolina
SS4905,2024-06-05,My Hero Academia Backpack,3,48,144,0,0,144,Georgia
SS4906,2024-06-05,Naruto Hoodie,1,55,55,0,0,55,California
SS4907,2024-06-05,Anime Mystery Box,3,60,180,0,0,180,Washington
SS4908,2024-06-05,Anime Mystery Box,1,60,60,0,0,60,Tennessee
SS4909,2024-06-06,Naruto Hoodie,3,55,165,0,0,165,Michigan
SS4910,2024-06-06,Naruto Hoodie,2,55,110,0,0,110,Tennessee
SS4911,2024-06-06,Naruto Hoodie,2,55,110,13.23,0,96.77,Texas
SS4912,2024-06-06,Anime Mystery Box,1,60,60,4.01,0,55.99,California
SS4913,2024-06-06,Anime Mystery Box,2,60,120,0,0,120,Nevada
SS4914,2024-06-06,Naruto Hoodie,2,55,110,11.24,0,98.76,Florida
SS4915,2024-06-06,Dragon Ball Z Hat,3,22,66,5.79,0,60.21,Florida
SS4916,2024-06-06,One Piece Figure,1,35,35,0,0,35,California
SS4917,2024-06-06,Dragon Ball Z Hat,1,22,22,0,22,0,Illinois
SS4918,2024-06-06,Attack on Titan T-Shirt,2,28,56,0,56,0,Texas
SS4919,2024-06-06,Naruto Hoodie,1,55,55,0,0,55,Texas
SS4920,2024-06-06,Naruto Hoodie,1,55,55,5.2,0,49.8,Texas
SS4921,2024-06-06,Attack on Titan T-Shirt,2,28,56,8.12,0,47.88,Ohio
SS4922,2024-06-06,Naruto Hoodie,2,55,110,12.68,0,97.32,Florida
SS4923,2024-06-06,Anime Mystery Box,3,60,180,0,0,180,California
SS4924,2024-06-06,Naruto Hoodie,1,55,55,0,0,55,Tennessee
SS4925,2024-06-06,Jujutsu Kaisen Keychain,3,8,24,0,0,24,Texas
SS4926,2024-06-06,One Piece Figure,3,35,105,11.71,93.29,0,Texas
SS4927,2024-06-07,Demon Slayer Poster,2,15,30,0,0,30,Massachusetts
SS4928,2024-06-07,Naruto Hoodie,3,55,165,0,0,165,Florida
SS4929,2024-06-07,My Hero Academia Backpack,1,48,48,0,0,48,Michigan
SS4930,2024-06-07,Naruto Hoodie,2,55,110,20.73,0,89.27,Nevada
SS4931,2024-06-07,Naruto Hoodie,1,55,55,0,0,55,Pennsylvania
SS4932,2024-06-07,Jujutsu Kaisen Keychain,3,8,24,4.29,0,19.71,Florida
SS4933,2024-06-07,Naruto Hoodie,1,55,55,4.78,0,50.22,Texas
SS4934,2024-06-07,Attack on Titan T-Shirt,1,28,28,0,0,28,Texas
SS4935,2024-06-07,Dragon Ball Z Hat,1,22,22,0,0,22,California
SS4936,2024-06-07,My Hero Academia Backpack,1,48,48,0,0,48,Georgia
SS4937,2024-06-07,Naruto Hoodie,1,55,55,9.31,0,45.69,Florida
SS4938,2024-06-07,Naruto Hoodie,2,55,110,0,0,110,Washington
SS4939,2024-06-07,My Hero Academia Backpack,2,48,96,0,0,96,Texas
SS4940,2024-06-08,Anime Mystery Box,1,60,60,5.08,0,54.92,Missouri
SS4941,2024-06-08,Anime Mystery Box,2,60,120,0,0,120,California
SS4942,2024-06-08,Naruto Hoodie,1,55,55,0,0,55,Texas
SS4943,2024-06-08,Anime Mystery Box,2,60,120,0,0,120,Pennsylvania
SS4944,2024-06-08,Naruto Hoodie,1,55,55,0,0,55,Florida
SS4945,2024-06-08,Naruto Hoodie,1,55,55,0,0,55,Texas
SS4946,2024-06-08,Attack on Titan T-Shirt,1,28,28,0,0,28,Texas
SS4947,2024-06-08,Naruto Hoodie,3,55,165,0,0,165,California
SS4948,2024-06-08,Anime Mystery Box,1,60,60,11.55,0,48.45,California
SS4949,2024-06-08,Anime Mystery Box,3,60,180,13.88,0,166.12,Colorado
SS4950,2024-06-08,Naruto Hoodie,3,55,165,0,0,165,Texas
SS4951,2024-06-09,Dragon Ball Z Hat,2,22,44,0,0,44,Florida
SS4952,2024-06-09,Jujutsu Kaisen Keychain,2,8,16,0,0,16,California
SS4953,2024-06-09,Naruto Hoodie,2,55,110,0,0,110,Michigan
SS4954,2024-06-09,One Piece Figure,1,35,35,0,0,35,North Carolina
SS4955,2024-06-09,Dragon Ball Z Hat,2,22,44,0,0,44,Texas
SS4956,2024-06-09,Anime Mystery Box,3,60,180,0,0,180,New Jersey
SS4957,2024-06-09,Anime Mystery Box,1,60,60,0,0,60,Georgia
SS4958,2024-06-09,Naruto Hoodie,2,55,110,0,0,110,Colorado
SS4959,2024-06-09,Attack on Titan T-Shirt,2,28,56,0,0,56,Ohio
SS4960,2024-06-09,Anime Mystery Box,1,60,60,5.21,0,54.79,Texas
SS4961,2024-06-09,Attack on Titan T-Shirt,3,28,84,0,84,0,Arizona
SS4962,2024-06-09,Dragon Ball Z Hat,1,22,22,0,0,22,Arizona
SS4963,2024-06-09,Anime Mystery Box,3,60,180,0,0,180,Texas
SS4964,2024-06-09,Anime Mystery Box,2,60,120,0,0,120,Florida
SS4965,2024-06-09,Anime Mystery Box,1,60,60,0,0,60,Massachusetts
SS4966,2024-06-09,Naruto Hoodie,2,55,110,0,0,110,Florida
SS4967,2024-06-09,Naruto Hoodie,1,55,55,0,0,55,Indiana
SS4968,2024-06-10,Naruto Hoodie,1,55,55,3.5,51.5,0,Florida
SS4969,2024-06-10,Anime Mystery Box,3,60,180,0,0,180,Georgia
SS4970,2024-06-10,Dragon Ball Z Hat,2,22,44,0,0,44,Texas
SS4971,2024-06-10,My Hero Academia Backpack,1,48,48,0,0,48,Texas
SS4972,2024-06-10,One Piece Figure,3,35,105,0,0,105,California
SS4973,2024-06-10,My Hero Academia Backpack,2,48,96,0,0,96,North Carolina
SS4974,2024-06-10,Anime Mystery Box,2,60,120,0,0,120,California
SS4975,2024-06-10,Jujutsu Kaisen Keychain,1,8,8,1,0,7,Texas
SS4976,2024-06-10,Anime Mystery Box,1,60,60,0,0,60,Texas
SS4977,2024-06-10,Naruto Hoodie,1,55,55,9.64,0,45.36,Indiana
SS4978,2024-06-10,Dragon Ball Z Hat,1,22,22,0,0,22,Texas
SS4979,2024-06-10,Anime Mystery Box,2,60,120,22.13,0,97.87,California
SS4980,2024-06-10,Demon Slayer Poster,1,15,15,0,0,15,Georgia
SS4981,2024-06-10,Anime Mystery Box,3,60,180,0,0,180,Texas
SS4982,2024-06-10,My Hero Academia Backpack,3,48,144,0,0,144,Florida
SS4983,2024-06-10,Naruto Hoodie,3,55,165,0,165,0,Virginia
SS4984,2024-06-10,Anime Mystery Box,2,60,120,0,0,120,Florida
SS4985,2024-06-11,Naruto Hoodie,3,55,165,0,165,0,Texas
SS4986,2024-06-11,Anime Mystery Box,1,60,60,0,0,60,California
SS4987,2024-06-11,Jujutsu Kaisen Keychain,2,8,16,0,0,16,Georgia
SS4988,2024-06-11,Attack on Titan T-Shirt,3,28,84,0,0,84,Nevada
SS4989,2024-06-11,Jujutsu Kaisen Keychain,1,8,8,0,0,8,Texas
SS4990,2024-06-11,One Piece Figure,1,35,35,3.03,0,31.97,Florida
SS4991,2024-06-11,Naruto Hoodie,2,55,110,0,0,110,California
SS4992,2024-06-11,Anime Mystery Box,1,60,60,5.31,0,54.69,Illinois
SS4993,2024-06-11,Naruto Hoodie,3,55,165,0,0,165,California
SS4994,2024-06-11,Jujutsu Kaisen Keychain,2,8,16,0,0,16,Florida
SS4995,2024-06-11,My Hero Academia Backpack,3,48,144,0,0,144,Florida
SS4996,2024-06-11,Anime Mystery Box,2,60,120,10.72,0,109.28,Texas
SS4997,2024-06-11,Naruto Hoodie,2,55,110,0,110,0,New York
SS4998,2024-06-11,Anime Mystery Box,3,60,180,28.91,0,151.09,California
SS4999,2024-06-11,Naruto Hoodie,2,55,110,20.55,0,89.45,Arizona
SS5000,2024-06-12,Anime Mystery Box,1,60,60,0,0,60,California
SS5001,2024-06-12,Naruto Hoodie,1,55,55,0,0,55,California
SS5002,2024-06-12,Anime Mystery Box,3,60,180,0,180,0,California
SS5003,2024-06-12,Attack on Titan T-Shirt,2,28,56,0,0,56,Pennsylvania
SS5004,2024-06-12,Naruto Hoodie,1,55,55,0,0,55,Florida
SS5005,2024-06-12,Naruto Hoodie,2,55,110,15.87,0,94.13,Michigan
SS5006,2024-06-12,Anime Mystery Box,3,60,180,0,0,180,Texas
SS5007,2024-06-12,Naruto Hoodie,1,55,55,7.73,0,47.27,California
SS5008,2024-06-13,Anime Mystery Box,1,60,60,8.53,0,51.47,Texas
SS5009,2024-06-13,Anime Mystery Box,1,60,60,0,60,0,Michigan
SS5010,2024-06-13,One Piece Figure,2,35,70,0,70,0,California
SS5011,2024-06-13,Anime Mystery Box,3,60,180,15.08,0,164.92,Texas
SS5012,2024-06-13,Dragon Ball Z Hat,1,22,22,0,0,22,Missouri
SS5013,2024-06-13,One Piece Figure,3,35,105,16.49,0,88.51,Nevada
SS5014,2024-06-13,Anime Mystery Box,2,60,120,14.18,0,105.82,Texas
SS5015,2024-06-13,Dragon Ball Z Hat,1,22,22,0,22,0,Florida
SS5016,2024-06-13,Anime Mystery Box,2,60,120,0,0,120,New Jersey
SS5017,2024-06-13,Demon Slayer Poster,3,15,45,0,0,45,Colorado
SS5018,2024-06-13,My Hero Academia Backpack,1,48,48,0,0,48,Ohio
SS5019,2024-06-13,One Piece Figure,3,35,105,0,0,105,Florida
SS5020,2024-06-13,Naruto Hoodie,2,55,110,0,0,110,California
SS5021,2024-06-13,Naruto Hoodie,2,55,110,0,0,110,Colorado
SS5022,2024-06-14,Attack on Titan T-Shirt,1,28,28,0,0,28,Michigan
SS5023,2024-06-14,Demon Slayer Poster,3,15,45,0,0,45,Massachusetts
SS5024,2024-06-14,Attack on Titan T-Shirt,3,28,84,0,0,84,Illinois
SS5025,2024-06-14,Naruto Hoodie,2,55,110,0,0,110,North Carolina
SS5026,2024-06-14,Anime Mystery Box,3,60,180,0,0,180,Texas
SS5027,2024-06-14,Attack on Titan T-Shirt,2,28,56,0,0,56,Virginia
SS5028,2024-06-14,Anime Mystery Box,2,60,120,0,0,120,Texas
SS5029,2024-06-14,Anime Mystery Box,1,60,60,0,0,60,Florida
SS5030,2024-06-14,Anime Mystery Box,3,60,180,0,0,180,Texas
SS5031,2024-06-14,Anime Mystery Box,2,60,120,0,0,120,Arizona
SS5032,2024-06-14,Dragon Ball Z Hat,1,22,22,0,0,22,Florida
SS5033,2024-06-14,My Hero Academia Backpack,1,48,48,4.91,0,43.09,Washington
SS5034,2024-06-14,Naruto Hoodie,1,55,55,0,0,55,Georgia
SS5035,2024-06-15,Anime Mystery Box,2,60,120,0,0,120,California
SS5036,2024-06-15,Naruto Hoodie,1,55,55,0,0,55,Pennsylvania
SS5037,2024-06-15,Jujutsu Kaisen Keychain,1,8,8,0,8,0,Texas
SS5038,2024-06-15,Attack on Titan T-Shirt,3,28,84,11.6,0,72.4,Arizona
SS5039,2024-06-15,Naruto Hoodie,2,55,110,20.88,0,89.12,Missouri
SS5040,2024-06-15,Dragon Ball Z Hat,3,22,66,7.18,0,58.82,Florida
SS5041,2024-06-15,Attack on Titan T-Shirt,1,28,28,0,28,0,Tennessee
SS5042,2024-06-15,Naruto Hoodie,2,55,110,0,0,110,Pennsylvania
SS5043,2024-06-16,Anime Mystery Box,1,60,60,0,0,60,New York
SS5044,2024-06-16,Anime Mystery Box,1,60,60,0,0,60,Colorado
SS5045,2024-06-16,Anime Mystery Box,1,60,60,0,0,60,Virginia
SS5046,2024-06-16,Anime Mystery Box,2,60,120,0,0,120,Florida
SS5047,2024-06-16,Anime Mystery Box,2,60,120,11.43,0,108.57,Washington
SS5048,2024-06-16,Attack on Titan T-Shirt,3,28,84,7.57,0,76.43,Illinois
SS5049,2024-06-16,One Piece Figure,1,35,35,0,0,35,Florida
SS5050,2024-06-16,Naruto Hoodie,1,55,55,3.56,51.44,0,Texas
SS5051,2024-06-17,Attack on Titan T-Shirt,3,28,84,5.41,0,78.59,Texas
SS5052,2024-06-17,Naruto Hoodie,1,55,55,9.76,0,45.24,North Carolina
SS5053,2024-06-17,Attack on Titan T-Shirt,2,28,56,0,0,56,California
SS5054,2024-06-17,Naruto Hoodie,1,55,55,0,0,55,Ohio
SS5055,2024-06-17,Anime Mystery Box,1,60,60,0,0,60,Texas
SS5056,2024-06-17,One Piece Figure,1,35,35,0,0,35,New York
SS5057,2024-06-17,Naruto Hoodie,1,55,55,0,0,55,Florida
SS5058,2024-06-17,Naruto Hoodie,1,55,55,0,0,55,Texas
SS5059,2024-06-17,My Hero Academia Backpack,3,48,144,0,0,144,Texas
SS5060,2024-06-17,Dragon Ball Z Hat,1,22,22,0,0,22,California
SS5061,2024-06-17,Anime Mystery Box,3,60,180,0,0,180,Texas
SS5062,2024-06-17,Dragon Ball Z Hat,1,22,22,0,0,22,Florida
SS5063,2024-06-17,Dragon Ball Z Hat,1,22,22,0,22,0,Georgia
SS5064,2024-06-17,Demon Slayer Poster,1,15,15,0,0,15,Florida
SS5065,2024-06-17,Naruto Hoodie,2,55,110,21.34,0,88.66,Florida
SS5066,2024-06-17,Demon Slayer Poster,2,15,30,0,0,30,California
SS5067,2024-06-17,Attack on Titan T-Shirt,3,28,84,0,0,84,North Carolina
SS5068,2024-06-17,Naruto Hoodie,1,55,55,0,0,55,Texas
SS5069,2024-06-18,Naruto Hoodie,2,55,110,6.87,0,103.13,California
SS5070,2024-06-18,Jujutsu Kaisen Keychain,2,8,16,0,0,16,California
SS5071,2024-06-18,Attack on Titan T-Shirt,1,28,28,0,0,28,Texas
SS5072,2024-06-18,Anime Mystery Box,3,60,180,0,0,180,Florida
SS5073,2024-06-18,Naruto Hoodie,2,55,110,0,0,110,Florida
SS5074,2024-06-18,Anime Mystery Box,1,60,60,0,60,0,Michigan
SS5075,2024-06-18,Jujutsu Kaisen Keychain,1,8,8,0,0,8,Massachusetts
SS5076,2024-06-18,Naruto Hoodie,3,55,165,0,0,165,Georgia
SS5077,2024-06-18,Naruto Hoodie,1,55,55,0,0,55,California
SS5078,2024-06-18,Anime Mystery Box,3,60,180,0,0,180,Texas
SS5079,2024-06-18,Anime Mystery Box,3,60,180,0,0,180,California
SS5080,2024-06-18,Anime Mystery Box,1,60,60,0,0,60,Indiana
SS5081,2024-06-18,Attack on Titan T-Shirt,1,28,28,0,0,28,Florida
SS5082,2024-06-18,Anime Mystery Box,1,60,60,0,0,60,Georgia
SS5083,2024-06-19,My Hero Academia Backpack,3,48,144,0,0,144,Florida
SS5084,2024-06-19,Dragon Ball Z Hat,2,22,44,5.89,0,38.11,Florida
SS5085,2024-06-19,Demon Slayer Poster,1,15,15,0,0,15,Florida
SS5086,2024-06-19,Jujutsu Kaisen Keychain,3,8,24,0,24,0,Florida
SS5087,2024-06-19,Anime Mystery Box,2,60,120,21.16,0,98.84,Tennessee
SS5088,2024-06-19,Naruto Hoodie,3,55,165,0,0,165,Indiana
SS5089,2024-06-19,Demon Slayer Poster,3,15,45,0,0,45,California
SS5090,2024-06-19,Anime Mystery Box,3,60,180,0,180,0,California
SS5091,2024-06-19,Dragon Ball Z Hat,1,22,22,0,0,22,New York
SS5092,2024-06-19,One Piece Figure,2,35,70,6.23,0,63.77,New Jersey
SS5093,2024-06-20,Anime Mystery Box,1,60,60,0,0,60,California
SS5094,2024-06-20,Anime Mystery Box,1,60,60,0,0,60,Florida
SS5095,2024-06-20,Naruto Hoodie,2,55,110,14.32,0,95.68,California
SS5096,2024-06-20,Anime Mystery Box,1,60,60,0,0,60,Colorado
SS5097,2024-06-20,Dragon Ball Z Hat,1,22,22,2.12,0,19.88,Washington
SS5098,2024-06-20,Jujutsu Kaisen Keychain,2,8,16,0,0,16,California
SS5099,2024-06-20,Anime Mystery Box,1,60,60,0,60,0,Florida
SS5100,2024-06-20,Jujutsu Kaisen Keychain,2,8,16,0,0,16,New York
SS5101,2024-06-20,Anime Mystery Box,1,60,60,0,0,60,Indiana
SS5102,2024-06-20,Naruto Hoodie,1,55,55,8.82,0,46.18,Florida
SS5103,2024-06-20,Naruto Hoodie,3,55,165,0,0,165,Texas
SS5104,2024-06-20,One Piece Figure,3,35,105,0,0,105,California
SS5105,2024-06-20,Naruto Hoodie,3,55,165,0,0,165,Washington
SS5106,2024-06-20,My Hero Academia Backpack,2,48,96,0,0,96,Georgia
SS5107,2024-06-20,Anime Mystery Box,2,60,120,0,0,120,North Carolina
SS5108,2024-06-21,Naruto Hoodie,3,55,165,25.81,0,139.19,Texas
SS5109,2024-06-21,Anime Mystery Box,2,60,120,0,0,120,Arizona
SS5110,2024-06-21,Dragon Ball Z Hat,2,22,44,0,0,44,Texas
SS5111,2024-06-21,Demon Slayer Poster,1,15,15,0,0,15,Ohio
SS5112,2024-06-21,Anime Mystery Box,2,60,120,0,0,120,Florida
SS5113,2024-06-21,Naruto Hoodie,1,55,55,0,55,0,Washington
SS5114,2024-06-21,Naruto Hoodie,2,55,110,0,0,110,Michigan
SS5115,2024-06-21,Jujutsu Kaisen Keychain,1,8,8,0,0,8,Massachusetts
SS5116,2024-06-21,Anime Mystery Box,3,60,180,0,0,180,Florida
SS5117,2024-06-21,Anime Mystery Box,3,60,180,14.5,0,165.5,Florida
SS5118,2024-06-21,My Hero Academia Backpack,1,48,48,0,0,48,California
SS5119,2024-06-21,Naruto Hoodie,1,55,55,0,0,55,Texas
SS5120,2024-06-21,Naruto Hoodie,1,55,55,7.7,0,47.3,New Jersey
SS5121,2024-06-21,My Hero Academia Backpack,2,48,96,0,0,96,Florida
SS5122,2024-06-21,Naruto Hoodie,2,55,110,0,0,110,Florida
SS5123,2024-06-22,Naruto Hoodie,1,55,55,0,0,55,North Carolina
SS5124,2024-06-22,Anime Mystery Box,1,60,60,0,0,60,Texas
SS5125,2024-06-22,Jujutsu Kaisen Keychain,1,8,8,0,0,8,California
SS5126,2024-06-22,Naruto Hoodie,3,55,165,0,0,165,California
SS5127,2024-06-22,Anime Mystery Box,3,60,180,0,0,180,Florida
SS5128,2024-06-22,Demon Slayer Poster,3,15,45,0,0,45,Pennsylvania
SS5129,2024-06-22,Jujutsu Kaisen Keychain,2,8,16,0,0,16,Florida
SS5130,2024-06-22,Attack on Titan T-Shirt,2,28,56,0,0,56,Texas
SS5131,2024-06-22,Anime Mystery Box,3,60,180,0,0,180,Texas
SS5132,2024-06-22,Naruto Hoodie,1,55,55,0,0,55,Texas
SS5133,2024-06-22,My Hero Academia Backpack,2,48,96,0,0,96,Missouri
SS5134,2024-06-22,Jujutsu Kaisen Keychain,2,8,16,0,0,16,Florida
SS5135,2024-06-22,Anime Mystery Box,2,60,120,21.12,0,98.88,Texas
SS5136,2024-06-23,Jujutsu Kaisen Keychain,1,8,8,0,0,8,Georgia
SS5137,2024-06-23,Naruto Hoodie,2,55,110,0,0,110,New Jersey
SS5138,2024-06-23,One Piece Figure,1,35,35,1.9,0,33.1,Florida
SS5139,2024-06-23,Anime Mystery Box,2,60,120,0,120,0,Arizona
SS5140,2024-06-23,One Piece Figure,2,35,70,5.84,0,64.16,Florida
SS5141,2024-06-23,Anime Mystery Box,1,60,60,8.13,0,51.87,New York
SS5142,2024-06-23,One Piece Figure,2,35,70,4.75,0,65.25,Texas
SS5143,2024-06-23,Naruto Hoodie,2,55,110,0,0,110,Ohio
SS5144,2024-06-23,Jujutsu Kaisen Keychain,3,8,24,0,0,24,Arizona
SS5145,2024-06-23,Jujutsu Kaisen Keychain,3,8,24,2.26,0,21.74,Nevada
SS5146,2024-06-23,My Hero Academia Backpack,3,48,144,18.97,0,125.03,Texas
SS5147,2024-06-23,Anime Mystery Box,2,60,120,0,0,120,Colorado
SS5148,2024-06-23,Dragon Ball Z Hat,2,22,44,0,0,44,California
SS5149,2024-06-23,Dragon Ball Z Hat,3,22,66,5.16,0,60.84,California
SS5150,2024-06-24,Naruto Hoodie,2,55,110,0,0,110,Florida
SS5151,2024-06-24,Anime Mystery Box,3,60,180,0,180,0,California
SS5152,2024-06-24,Anime Mystery Box,3,60,180,0,0,180,Colorado
SS5153,2024-06-24,Dragon Ball Z Hat,1,22,22,0,0,22,California
SS5154,2024-06-24,Anime Mystery Box,3,60,180,0,0,180,Texas
SS5155,2024-06-24,Naruto Hoodie,2,55,110,0,0,110,California
SS5156,2024-06-25,Attack on Titan T-Shirt,1,28,28,0,0,28,Washington
SS5157,2024-06-25,One Piece Figure,1,35,35,2.27,0,32.73,Texas
SS5158,2024-06-25,Jujutsu Kaisen Keychain,2,8,16,1.14,0,14.86,Florida
SS5159,2024-06-25,Attack on Titan T-Shirt,2,28,56,0,0,56,Florida
SS5160,2024-06-25,Anime Mystery Box,3,60,180,15.02,0,164.98,Florida
SS5161,2024-06-25,My Hero Academia Backpack,3,48,144,0,0,144,Florida
SS5162,2024-06-25,Jujutsu Kaisen Keychain,3,8,24,1.46,0,22.54,Texas
SS5163,2024-06-25,Anime Mystery Box,1,60,60,0,0,60,California
SS5164,2024-06-25,Naruto Hoodie,1,55,55,0,0,55,Texas
SS5165,2024-06-25,Anime Mystery Box,3,60,180,0,180,0,Nevada
SS5166,2024-06-25,Attack on Titan T-Shirt,1,28,28,0,0,28,Texas
SS5167,2024-06-26,One Piece Figure,3,35,105,9.93,0,95.07,Missouri
SS5168,2024-06-26,Naruto Hoodie,1,55,55,0,0,55,Florida
SS5169,2024-06-26,Attack on Titan T-Shirt,1,28,28,0,0,28,Washington
SS5170,2024-06-26,Dragon Ball Z Hat,2,22,44,0,0,44,Florida
SS5171,2024-06-26,Naruto Hoodie,3,55,165,18.49,0,146.51,Georgia
SS5172,2024-06-26,One Piece Figure,1,35,35,4.02,0,30.98,Florida
SS5173,2024-06-26,Naruto Hoodie,3,55,165,0,0,165,Ohio
SS5174,2024-06-26,Attack on Titan T-Shirt,2,28,56,0,0,56,Illinois
SS5175,2024-06-26,Naruto Hoodie,1,55,55,0,0,55,California
SS5176,2024-06-26,Naruto Hoodie,1,55,55,0,0,55,California
SS5177,2024-06-26,Anime Mystery Box,2,60,120,15.67,0,104.33,California
SS5178,2024-06-26,Naruto Hoodie,2,55,110,0,0,110,Texas
SS5179,2024-06-26,Dragon Ball Z Hat,1,22,22,0,0,22,Texas
SS5180,2024-06-26,Anime Mystery Box,2,60,120,0,0,120,California
SS5181,2024-06-26,Anime Mystery Box,1,60,60,0,0,60,Virginia
SS5182,2024-06-27,Anime Mystery Box,2,60,120,0,0,120,Massachusetts
SS5183,2024-06-27,Naruto Hoodie,1,55,55,2.96,0,52.04,Virginia
SS5184,2024-06-27,Dragon Ball Z Hat,3,22,66,0,0,66,New York
SS5185,2024-06-27,Naruto Hoodie,3,55,165,16.07,0,148.93,Missouri
SS5186,2024-06-27,Naruto Hoodie,3,55,165,0,0,165,Nevada
SS5187,2024-06-27,Anime Mystery Box,1,60,60,0,0,60,Illinois
SS5188,2024-06-27,One Piece Figure,2,35,70,0,0,70,Texas
SS5189,2024-06-27,Demon Slayer Poster,2,15,30,0,0,30,Texas
SS5190,2024-06-28,Attack on Titan T-Shirt,3,28,84,0,0,84,Florida
SS5191,2024-06-28,Demon Slayer Poster,1,15,15,2.5,0,12.5,Nevada
SS5192,2024-06-28,My Hero Academia Backpack,1,48,48,0,0,48,Illinois
SS5193,2024-06-28,Attack on Titan T-Shirt,2,28,56,8.75,47.25,0,Missouri
SS5194,2024-06-28,Anime Mystery Box,3,60,180,0,0,180,Florida
SS5195,2024-06-28,Anime Mystery Box,2,60,120,0,0,120,Texas
SS5196,2024-06-28,Jujutsu Kaisen Keychain,1,8,8,0,0,8,Washington
SS5197,2024-06-28,Anime Mystery Box,1,60,60,0,0,60,Florida
SS5198,2024-06-28,Anime Mystery Box,3,60,180,28.49,0,151.51,Tennessee
SS5199,2024-06-28,Naruto Hoodie,1,55,55,4.46,0,50.54,California
SS5200,2024-06-28,Naruto Hoodie,2,55,110,19.63,0,90.37,California
SS5201,2024-06-28,Anime Mystery Box,1,60,60,0,60,0,California
SS5202,2024-06-29,One Piece Figure,3,35,105,0,0,105,Texas
SS5203,2024-06-29,Jujutsu Kaisen Keychain,1,8,8,0,0,8,Texas
SS5204,2024-06-29,Dragon Ball Z Hat,3,22,66,0,0,66,California
SS5205,2024-06-29,Naruto Hoodie,2,55,110,0,0,110,California
SS5206,2024-06-29,Anime Mystery Box,2,60,120,0,0,120,California
SS5207,2024-06-29,My Hero Academia Backpack,2,48,96,13.82,0,82.18,Texas
SS5208,2024-06-29,Demon Slayer Poster,3,15,45,0,45,0,Pennsylvania
SS5209,2024-06-29,Attack on Titan T-Shirt,2,28,56,10,0,46,California
SS5210,2024-06-29,Naruto Hoodie,1,55,55,0,0,55,North Carolina
SS5211,2024-06-29,Anime Mystery Box,2,60,120,0,0,120,Georgia
SS5212,2024-06-29,Anime Mystery Box,1,60,60,5.98,0,54.02,California
SS5213,2024-06-29,My Hero Academia Backpack,2,48,96,0,0,96,California
SS5214,2024-06-29,Attack on Titan T-Shirt,3,28,84,16.49,0,67.51,California
SS5215,2024-06-29,Anime Mystery Box,3,60,180,32.89,0,147.11,Texas
SS5216,2024-06-29,Naruto Hoodie,1,55,55,0,0,55,Missouri
SS5217,2024-06-30,Anime Mystery Box,1,60,60,8.01,51.99,0,Massachusetts
SS5218,2024-06-30,Demon Slayer Poster,1,15,15,0,0,15,California
SS5219,2024-06-30,Jujutsu Kaisen Keychain,1,8,8,0,0,8,Pennsylvania
SS5220,2024-06-30,Naruto Hoodie,1,55,55,0,0,55,Texas
SS5221,2024-06-30,My Hero Academia Backpack,1,48,48,7.56,0,40.44,Texas
SS5222,2024-06-30,Jujutsu Kaisen Keychain,2,8,16,0,0,16,Florida
SS5223,2024-06-30,Naruto Hoodie,2,55,110,19.67,0,90.33,Missouri
SS5224,2024-06-30,Demon Slayer Poster,3,15,45,0,0,45,Florida
SS5225,2024-06-30,Anime Mystery Box,1,60,60,4.32,0,55.68,Florida
SS5226,2024-06-30,Dragon Ball Z Hat,3,22,66,7.16,0,58.84,Georgia
SS5227,2024-07-01,Anime Mystery Box,1,60,60,0,0,60,Texas
SS5228,2024-07-01,Demon Slayer Poster,3,15,45,0,0,45,California
SS5229,2024-07-01,Naruto Hoodie,2,55,110,10.93,0,99.07,California
SS5230,2024-07-01,Anime Mystery Box,1,60,60,0,0,60,Virginia
SS5231,2024-07-01,Naruto Hoodie,1,55,55,0,0,55,Texas
SS5232,2024-07-01,Anime Mystery Box,2,60,120,0,0,120,California
SS5233,2024-07-02,Anime Mystery Box,1,60,60,0,0,60,California
SS5234,2024-07-02,Naruto Hoodie,2,55,110,0,0,110,California
SS5235,2024-07-02,Naruto Hoodie,3,55,165,11.36,0,153.64,California
SS5236,2024-07-02,Anime Mystery Box,3,60,180,10.35,0,169.65,Texas
SS5237,2024-07-02,My Hero Academia Backpack,2,48,96,0,0,96,New Jersey
SS5238,2024-07-02,My Hero Academia Backpack,1,48,48,7.82,0,40.18,Florida
SS5239,2024-07-02,Jujutsu Kaisen Keychain,1,8,8,0,0,8,Texas
SS5240,2024-07-02,Jujutsu Kaisen Keychain,1,8,8,0.52,0,7.48,Texas
SS5241,2024-07-02,Anime Mystery Box,3,60,180,26.06,0,153.94,Florida
SS5242,2024-07-02,Dragon Ball Z Hat,2,22,44,0,0,44,Arizona
SS5243,2024-07-03,One Piece Figure,2,35,70,0,0,70,California
SS5244,2024-07-03,Anime Mystery Box,2,60,120,0,0,120,Texas
SS5245,2024-07-03,Anime Mystery Box,1,60,60,0,0,60,California
SS5246,2024-07-03,My Hero Academia Backpack,3,48,144,0,144,0,California
SS5247,2024-07-03,Dragon Ball Z Hat,2,22,44,0,0,44,Florida
SS5248,2024-07-03,One Piece Figure,3,35,105,0,0,105,Texas
SS5249,2024-07-03,Naruto Hoodie,3,55,165,0,0,165,Virginia
SS5250,2024-07-03,My Hero Academia Backpack,3,48,144,0,0,144,California
SS5251,2024-07-04,Anime Mystery Box,3,60,180,0,0,180,Florida
SS5252,2024-07-04,Naruto Hoodie,2,55,110,7.29,0,102.71,California
SS5253,2024-07-04,Naruto Hoodie,3,55,165,0,0,165,Massachusetts
SS5254,2024-07-04,Naruto Hoodie,3,55,165,0,0,165,Florida
SS5255,2024-07-04,Naruto Hoodie,3,55,165,0,0,165,Texas
SS5256,2024-07-04,Naruto Hoodie,1,55,55,0,0,55,Texas
SS5257,2024-07-04,Naruto Hoodie,1,55,55,5.09,0,49.91,Texas
SS5258,2024-07-04,Anime Mystery Box,1,60,60,0,0,60,Missouri
SS5259,2024-07-04,One Piece Figure,2,35,70,0,0,70,California
SS5260,2024-07-04,Naruto Hoodie,2,55,110,10.97,99.03,0,Florida
SS5261,2024-07-04,One Piece Figure,3,35,105,0,0,105,Indiana
SS5262,2024-07-04,Anime Mystery Box,3,60,180,0,0,180,Arizona
SS5263,2024-07-04,Demon Slayer Poster,2,15,30,0,0,30,Missouri
SS5264,2024-07-04,Anime Mystery Box,3,60,180,0,0,180,California
SS5265,2024-07-04,Anime Mystery Box,1,60,60,8.39,51.61,0,California
SS5266,2024-07-05,Anime Mystery Box,1,60,60,7.34,0,52.66,California
SS5267,2024-07-05,One Piece Figure,3,35,105,19.32,0,85.68,Texas
SS5268,2024-07-05,Naruto Hoodie,1,55,55,0,0,55,North Carolina
SS5269,2024-07-05,Dragon Ball Z Hat,2,22,44,3.55,0,40.45,Arizona
SS5270,2024-07-05,One Piece Figure,1,35,35,0,0,35,California
SS5271,2024-07-05,Anime Mystery Box,1,60,60,0,60,0,New York
SS5272,2024-07-05,My Hero Academia Backpack,2,48,96,0,0,96,Texas
SS5273,2024-07-05,Naruto Hoodie,1,55,55,9.67,0,45.33,New Jersey
SS5274,2024-07-05,Naruto Hoodie,3,55,165,0,0,165,Florida
SS5275,2024-07-05,Attack on Titan T-Shirt,2,28,56,0,0,56,Washington
SS5276,2024-07-05,Demon Slayer Poster,2,15,30,3.67,0,26.33,Arizona
SS5277,2024-07-05,My Hero Academia Backpack,1,48,48,0,0,48,California
SS5278,2024-07-05,Naruto Hoodie,3,55,165,0,0,165,California
SS5279,2024-07-05,Naruto Hoodie,1,55,55,0,55,0,California
SS5280,2024-07-05,Attack on Titan T-Shirt,1,28,28,0,0,28,Illinois
SS5281,2024-07-05,One Piece Figure,3,35,105,6.41,0,98.59,Nevada
SS5282,2024-07-05,Anime Mystery Box,1,60,60,0,0,60,Texas
SS5283,2024-07-06,Jujutsu Kaisen Keychain,2,8,16,0,0,16,California
SS5284,2024-07-06,Demon Slayer Poster,2,15,30,0,0,30,Florida
SS5285,2024-07-06,Demon Slayer Poster,1,15,15,0,0,15,Texas
SS5286,2024-07-06,Demon Slayer Poster,3,15,45,8.54,0,36.46,California
SS5287,2024-07-06,Naruto Hoodie,3,55,165,0,0,165,Texas
SS5288,2024-07-06,Dragon Ball Z Hat,3,22,66,0,0,66,Florida
SS5289,2024-07-06,Naruto Hoodie,1,55,55,0,55,0,Texas
SS5290,2024-07-06,Anime Mystery Box,3,60,180,0,0,180,Arizona
SS5291,2024-07-06,Attack on Titan T-Shirt,1,28,28,0,0,28,Texas
SS5292,2024-07-06,Anime Mystery Box,3,60,180,0,0,180,Texas
SS5293,2024-07-06,Attack on Titan T-Shirt,2,28,56,0,0,56,Florida
SS5294,2024-07-07,Naruto Hoodie,1,55,55,0,55,0,California
SS5295,2024-07-07,Anime Mystery Box,3,60,180,0,0,180,California
SS5296,2024-07-07,Anime Mystery Box,3,60,180,14.79,0,165.21,Texas
SS5297,2024-07-07,One Piece Figure,3,35,105,0,0,105,California
SS5298,2024-07-07,Attack on Titan T-Shirt,1,28,28,0,0,28,Missouri
SS5299,2024-07-07,Naruto Hoodie,1,55,55,0,0,55,Florida
SS5300,2024-07-07,Attack on Titan T-Shirt,3,28,84,0,0,84,Arizona
SS5301,2024-07-08,Anime Mystery Box,3,60,180,0,0,180,Michigan
SS5302,2024-07-08,Anime Mystery Box,3,60,180,0,0,180,California
SS5303,2024-07-08,Anime Mystery Box,2,60,120,22.74,0,97.26,Texas
SS5304,2024-07-08,Naruto Hoodie,1,55,55,0,0,55,Texas
SS5305,2024-07-08,Anime Mystery Box,3,60,180,0,0,180,Nevada
SS5306,2024-07-08,Dragon Ball Z Hat,3,22,66,0,0,66,Florida
SS5307,2024-07-09,My Hero Academia Backpack,2,48,96,0,0,96,Indiana
SS5308,2024-07-09,My Hero Academia Backpack,2,48,96,0,0,96,Texas
SS5309,2024-07-09,Naruto Hoodie,3,55,165,0,0,165,Georgia
SS5310,2024-07-09,Naruto Hoodie,3,55,165,10.7,0,154.3,Texas
SS5311,2024-07-09,Anime Mystery Box,2,60,120,0,0,120,Texas
SS5312,2024-07-09,Anime Mystery Box,1,60,60,0,0,60,California
SS5313,2024-07-09,Anime Mystery Box,1,60,60,0,0,60,Indiana
SS5314,2024-07-09,Anime Mystery Box,1,60,60,0,60,0,Texas
SS5315,2024-07-09,Naruto Hoodie,1,55,55,0,0,55,Ohio
SS5316,2024-07-09,Anime Mystery Box,2,60,120,0,120,0,Pennsylvania
SS5317,2024-07-10,Anime Mystery Box,1,60,60,0,0,60,California
SS5318,2024-07-10,Naruto Hoodie,2,55,110,0,0,110,Virginia
SS5319,2024-07-10,Demon Slayer Poster,2,15,30,0,0,30,Colorado
SS5320,2024-07-10,Attack on Titan T-Shirt,3,28,84,0,0,84,Florida
SS5321,2024-07-10,Attack on Titan T-Shirt,1,28,28,0,0,28,Florida
SS5322,2024-07-10,Jujutsu Kaisen Keychain,2,8,16,0,0,16,Texas
SS5323,2024-07-10,Attack on Titan T-Shirt,1,28,28,0,0,28,Michigan
SS5324,2024-07-10,My Hero Academia Backpack,2,48,96,0,0,96,Florida
SS5325,2024-07-10,Naruto Hoodie,2,55,110,0,0,110,Florida
SS5326,2024-07-11,Naruto Hoodie,1,55,55,0,0,55,New York
SS5327,2024-07-11,Anime Mystery Box,3,60,180,0,0,180,Georgia
SS5328,2024-07-11,Naruto Hoodie,2,55,110,0,0,110,Tennessee
SS5329,2024-07-11,Jujutsu Kaisen Keychain,3,8,24,1.67,0,22.33,Florida
SS5330,2024-07-11,Naruto Hoodie,3,55,165,0,0,165,Texas
SS5331,2024-07-11,Anime Mystery Box,3,60,180,0,0,180,Florida
SS5332,2024-07-11,Jujutsu Kaisen Keychain,1,8,8,0,0,8,Tennessee
SS5333,2024-07-11,Naruto Hoodie,1,55,55,0,0,55,Texas
SS5334,2024-07-11,Anime Mystery Box,2,60,120,8.79,0,111.21,Tennessee
SS5335,2024-07-11,Anime Mystery Box,1,60,60,0,0,60,Florida
SS5336,2024-07-11,Anime Mystery Box,2,60,120,0,120,0,California
SS5337,2024-07-11,Jujutsu Kaisen Keychain,3,8,24,0,0,24,California
SS5338,2024-07-11,Attack on Titan T-Shirt,3,28,84,0,0,84,California
SS5339,2024-07-12,Dragon Ball Z Hat,3,22,66,7.69,0,58.31,California
SS5340,2024-07-12,Naruto Hoodie,3,55,165,16.9,0,148.1,California
SS5341,2024-07-12,Naruto Hoodie,1,55,55,0,0,55,Texas
SS5342,2024-07-12,Naruto Hoodie,3,55,165,12.2,0,152.8,Indiana
SS5343,2024-07-12,Naruto Hoodie,2,55,110,0,0,110,Texas
SS5344,2024-07-12,One Piece Figure,3,35,105,0,0,105,Texas
SS5345,2024-07-12,Anime Mystery Box,1,60,60,0,0,60,Florida
SS5346,2024-07-12,Jujutsu Kaisen Keychain,2,8,16,0,0,16,New Jersey
SS5347,2024-07-12,My Hero Academia Backpack,2,48,96,0,0,96,Florida
SS5348,2024-07-12,One Piece Figure,1,35,35,3.77,0,31.23,Michigan
SS5349,2024-07-12,Demon Slayer Poster,1,15,15,0,15,0,California
SS5350,2024-07-12,Dragon Ball Z Hat,3,22,66,8.71,0,57.29,Pennsylvania
SS5351,2024-07-12,One Piece Figure,3,35,105,0,0,105,California
SS5352,2024-07-12,Dragon Ball Z Hat,1,22,22,0,0,22,California
SS5353,2024-07-12,Naruto Hoodie,1,55,55,7.07,0,47.93,Missouri
SS5354,2024-07-12,Attack on Titan T-Shirt,1,28,28,5.42,0,22.58,California
SS5355,2024-07-12,Dragon Ball Z Hat,1,22,22,0,0,22,New Jersey
SS5356,2024-07-12,Jujutsu Kaisen Keychain,1,8,8,0,0,8,California
SS5357,2024-07-13,Naruto Hoodie,1,55,55,0,0,55,Nevada
SS5358,2024-07-13,Anime Mystery Box,3,60,180,0,0,180,New York
SS5359,2024-07-13,One Piece Figure,1,35,35,0,0,35,Illinois
SS5360,2024-07-13,Naruto Hoodie,2,55,110,0,0,110,Florida
SS5361,2024-07-13,Anime Mystery Box,3,60,180,0,0,180,New Jersey
SS5362,2024-07-13,Dragon Ball Z Hat,2,22,44,0,0,44,Florida
SS5363,2024-07-13,Anime Mystery Box,2,60,120,0,0,120,Texas
SS5364,2024-07-13,Anime Mystery Box,1,60,60,0,0,60,California
SS5365,2024-07-13,Anime Mystery Box,3,60,180,0,0,180,California
SS5366,2024-07-13,Naruto Hoodie,3,55,165,0,0,165,Massachusetts
SS5367,2024-07-13,Naruto Hoodie,1,55,55,0,0,55,Tennessee
SS5368,2024-07-13,Demon Slayer Poster,2,15,30,0,0,30,Massachusetts
SS5369,2024-07-13,Naruto Hoodie,3,55,165,30.04,0,134.96,California
SS5370,2024-07-14,Anime Mystery Box,3,60,180,0,180,0,California
SS5371,2024-07-14,Jujutsu Kaisen Keychain,2,8,16,0,0,16,California
SS5372,2024-07-14,Jujutsu Kaisen Keychain,2,8,16,0,0,16,Florida
SS5373,2024-07-14,Anime Mystery Box,3,60,180,0,0,180,California
SS5374,2024-07-14,Naruto Hoodie,2,55,110,0,0,110,California
SS5375,2024-07-14,Dragon Ball Z Hat,3,22,66,0,0,66,Missouri
SS5376,2024-07-14,One Piece Figure,3,35,105,0,0,105,California
SS5377,2024-07-14,Attack on Titan T-Shirt,1,28,28,0,0,28,Michigan
SS5378,2024-07-14,Naruto Hoodie,2,55,110,0,0,110,Texas
SS5379,2024-07-14,Demon Slayer Poster,2,15,30,0,0,30,Florida
SS5380,2024-07-14,Naruto Hoodie,3,55,165,0,0,165,Massachusetts
SS5381,2024-07-14,Naruto Hoodie,3,55,165,13.79,0,151.21,Colorado
SS5382,2024-07-14,Attack on Titan T-Shirt,2,28,56,0,0,56,Florida
SS5383,2024-07-14,Anime Mystery Box,2,60,120,12.29,0,107.71,California
SS5384,2024-07-14,Anime Mystery Box,1,60,60,0,0,60,California
SS5385,2024-07-14,Naruto Hoodie,2,55,110,0,0,110,Texas
SS5386,2024-07-14,Naruto Hoodie,2,55,110,0,0,110,California
SS5387,2024-07-14,Anime Mystery Box,1,60,60,0,0,60,Michigan
SS5388,2024-07-15,Anime Mystery Box,1,60,60,11.61,0,48.39,California
SS5389,2024-07-15,Naruto Hoodie,1,55,55,0,0,55,California
SS5390,2024-07-15,Naruto Hoodie,2,55,110,16.18,0,93.82,Texas
SS5391,2024-07-15,Anime Mystery Box,3,60,180,16.55,0,163.45,California
SS5392,2024-07-15,Naruto Hoodie,1,55,55,0,0,55,California
SS5393,2024-07-15,Naruto Hoodie,2,55,110,0,0,110,Texas
SS5394,2024-07-15,My Hero Academia Backpack,3,48,144,0,0,144,Florida
SS5395,2024-07-15,Naruto Hoodie,1,55,55,0,0,55,New York
SS5396,2024-07-15,Anime Mystery Box,3,60,180,0,0,180,Florida
SS5397,2024-07-15,Demon Slayer Poster,3,15,45,0,0,45,Ohio
SS5398,2024-07-15,Jujutsu Kaisen Keychain,3,8,24,4.09,0,19.91,Texas
SS5399,2024-07-15,Jujutsu Kaisen Keychain,1,8,8,1.53,0,6.47,Texas
SS5400,2024-07-15,Naruto Hoodie,2,55,110,0,0,110,Nevada
SS5401,2024-07-15,Naruto Hoodie,3,55,165,15.51,0,149.49,California
SS5402,2024-07-16,Jujutsu Kaisen Keychain,2,8,16,0,0,16,Florida
SS5403,2024-07-16,Naruto Hoodie,2,55,110,0,0,110,Florida
SS5404,2024-07-16,Naruto Hoodie,3,55,165,0,0,165,Florida
SS5405,2024-07-16,Anime Mystery Box,3,60,180,0,0,180,Michigan
SS5406,2024-07-16,Dragon Ball Z Hat,2,22,44,5.83,0,38.17,Texas
SS5407,2024-07-16,Dragon Ball Z Hat,3,22,66,10.19,0,55.81,Texas
SS5408,2024-07-16,Dragon Ball Z Hat,3,22,66,0,0,66,Washington
SS5409,2024-07-16,Demon Slayer Poster,3,15,45,0,0,45,Nevada
SS5410,2024-07-16,Naruto Hoodie,2,55,110,0,0,110,Illinois
SS5411,2024-07-16,Anime Mystery Box,1,60,60,4.55,0,55.45,Florida
SS5412,2024-07-16,Naruto Hoodie,2,55,110,8.86,0,101.14,Florida
SS5413,2024-07-16,Naruto Hoodie,2,55,110,0,0,110,Massachusetts
SS5414,2024-07-16,Naruto Hoodie,2,55,110,10.93,0,99.07,Texas
SS5415,2024-07-16,My Hero Academia Backpack,3,48,144,17.69,0,126.31,Missouri
SS5416,2024-07-17,Demon Slayer Poster,1,15,15,0,0,15,Ohio
SS5417,2024-07-17,Demon Slayer Poster,3,15,45,5.51,0,39.49,Florida
SS5418,2024-07-17,Dragon Ball Z Hat,3,22,66,0,0,66,Texas
SS5419,2024-07-17,Attack on Titan T-Shirt,3,28,84,0,0,84,California
SS5420,2024-07-17,One Piece Figure,3,35,105,20.03,0,84.97,Florida
SS5421,2024-07-17,Attack on Titan T-Shirt,2,28,56,0,0,56,Texas
SS5422,2024-07-17,One Piece Figure,3,35,105,0,0,105,Georgia
SS5423,2024-07-17,Naruto Hoodie,1,55,55,0,0,55,Missouri
SS5424,2024-07-17,My Hero Academia Backpack,3,48,144,0,0,144,Florida
SS5425,2024-07-17,My Hero Academia Backpack,2,48,96,10.88,0,85.12,California
SS5426,2024-07-17,Attack on Titan T-Shirt,1,28,28,0,0,28,Florida
SS5427,2024-07-17,Demon Slayer Poster,3,15,45,0,0,45,Texas
SS5428,2024-07-17,Jujutsu Kaisen Keychain,2,8,16,0,0,16,New York
SS5429,2024-07-17,Jujutsu Kaisen Keychain,1,8,8,0,0,8,California
SS5430,2024-07-18,Anime Mystery Box,2,60,120,0,0,120,Massachusetts
SS5431,2024-07-18,Demon Slayer Poster,1,15,15,0,0,15,Colorado
SS5432,2024-07-18,My Hero Academia Backpack,1,48,48,0,0,48,Florida
SS5433,2024-07-18,Jujutsu Kaisen Keychain,1,8,8,0,0,8,Florida
SS5434,2024-07-18,Jujutsu Kaisen Keychain,1,8,8,0,0,8,California
SS5435,2024-07-18,Anime Mystery Box,1,60,60,0,0,60,New Jersey
SS5436,2024-07-18,Dragon Ball Z Hat,3,22,66,0,0,66,Florida
SS5437,2024-07-18,Attack on Titan T-Shirt,2,28,56,0,0,56,California
SS5438,2024-07-18,Naruto Hoodie,1,55,55,9.32,0,45.68,Florida
SS5439,2024-07-18,Anime Mystery Box,1,60,60,0,0,60,Texas
SS5440,2024-07-18,One Piece Figure,1,35,35,0,0,35,Florida
SS5441,2024-07-18,Attack on Titan T-Shirt,3,28,84,15.06,68.94,0,Florida
SS5442,2024-07-18,Anime Mystery Box,3,60,180,31.23,0,148.77,Texas
SS5443,2024-07-18,Anime Mystery Box,1,60,60,4.34,0,55.66,Nevada
SS5444,2024-07-18,Jujutsu Kaisen Keychain,3,8,24,4.04,0,19.96,Missouri
SS5445,2024-07-19,Naruto Hoodie,2,55,110,10.9,0,99.1,Massachusetts
SS5446,2024-07-19,Anime Mystery Box,3,60,180,0,0,180,Nevada
SS5447,2024-07-19,Naruto Hoodie,1,55,55,0,0,55,Massachusetts
SS5448,2024-07-19,Naruto Hoodie,1,55,55,7.49,0,47.51,Washington
SS5449,2024-07-19,Anime Mystery Box,3,60,180,0,0,180,Florida
SS5450,2024-07-19,My Hero Academia Backpack,2,48,96,17.73,0,78.27,Texas
SS5451,2024-07-20,Naruto Hoodie,2,55,110,0,0,110,California
SS5452,2024-07-20,Anime Mystery Box,3,60,180,0,0,180,Florida
SS5453,2024-07-20,One Piece Figure,2,35,70,0,0,70,Texas
SS5454,2024-07-20,Naruto Hoodie,2,55,110,0,110,0,Texas
SS5455,2024-07-20,Naruto Hoodie,3,55,165,25.62,0,139.38,Pennsylvania
SS5456,2024-07-20,Anime Mystery Box,3,60,180,10.05,0,169.95,California
SS5457,2024-07-20,Naruto Hoodie,1,55,55,0,0,55,Georgia
SS5458,2024-07-21,Naruto Hoodie,1,55,55,0,0,55,California
SS5459,2024-07-21,Anime Mystery Box,3,60,180,0,0,180,California
SS5460,2024-07-21,Anime Mystery Box,2,60,120,0,0,120,California
SS5461,2024-07-21,Anime Mystery Box,3,60,180,0,0,180,California
SS5462,2024-07-21,Attack on Titan T-Shirt,3,28,84,14.69,0,69.31,Missouri
SS5463,2024-07-21,Jujutsu Kaisen Keychain,2,8,16,0,0,16,Florida
SS5464,2024-07-21,Anime Mystery Box,3,60,180,21.46,0,158.54,Arizona
SS5465,2024-07-21,Anime Mystery Box,1,60,60,0,0,60,New Jersey
SS5466,2024-07-21,Naruto Hoodie,2,55,110,7.15,0,102.85,Florida
SS5467,2024-07-21,Naruto Hoodie,1,55,55,0,0,55,Texas
SS5468,2024-07-21,Naruto Hoodie,1,55,55,0,0,55,California
SS5469,2024-07-21,Naruto Hoodie,2,55,110,0,0,110,Illinois
SS5470,2024-07-21,Naruto Hoodie,2,55,110,8.51,101.49,0,Nevada
SS5471,2024-07-21,My Hero Academia Backpack,2,48,96,0,0,96,California
SS5472,2024-07-22,Anime Mystery Box,1,60,60,0,0,60,Massachusetts
SS5473,2024-07-22,Dragon Ball Z Hat,1,22,22,0,0,22,California
SS5474,2024-07-22,Anime Mystery Box,2,60,120,0,0,120,Texas
SS5475,2024-07-22,Jujutsu Kaisen Keychain,2,8,16,0,0,16,Florida
SS5476,2024-07-22,One Piece Figure,2,35,70,0,0,70,Pennsylvania
SS5477,2024-07-22,Anime Mystery Box,1,60,60,3.3,0,56.7,Texas
SS5478,2024-07-23,Demon Slayer Poster,2,15,30,5.45,0,24.55,Florida
SS5479,2024-07-23,Dragon Ball Z Hat,1,22,22,0,0,22,California
SS5480,2024-07-23,Anime Mystery Box,1,60,60,6.38,0,53.62,Illinois
SS5481,2024-07-23,Anime Mystery Box,2,60,120,0,0,120,Ohio
SS5482,2024-07-23,Anime Mystery Box,2,60,120,0,0,120,Texas
SS5483,2024-07-23,Jujutsu Kaisen Keychain,1,8,8,0.6,0,7.4,Texas
SS5484,2024-07-23,Anime Mystery Box,1,60,60,0,0,60,Massachusetts
SS5485,2024-07-23,Anime Mystery Box,2,60,120,0,0,120,Florida
SS5486,2024-07-23,Anime Mystery Box,3,60,180,0,0,180,Colorado
SS5487,2024-07-23,My Hero Academia Backpack,1,48,48,0,0,48,California
SS5488,2024-07-23,Anime Mystery Box,3,60,180,0,0,180,Texas
SS5489,2024-07-23,My Hero Academia Backpack,2,48,96,0,0,96,Texas
SS5490,2024-07-23,Demon Slayer Poster,1,15,15,0,0,15,Texas
SS5491,2024-07-23,Naruto Hoodie,1,55,55,0,0,55,Florida
SS5492,2024-07-23,Dragon Ball Z Hat,1,22,22,1.3,0,20.7,California
SS5493,2024-07-23,One Piece Figure,1,35,35,0,35,0,Florida
SS5494,2024-07-23,Anime Mystery Box,2,60,120,19.01,0,100.99,New Jersey
SS5495,2024-07-23,Jujutsu Kaisen Keychain,1,8,8,0,0,8,Texas
SS5496,2024-07-24,Dragon Ball Z Hat,1,22,22,0,0,22,Texas
SS5497,2024-07-24,Naruto Hoodie,1,55,55,0,55,0,New Jersey
SS5498,2024-07-24,Dragon Ball Z Hat,3,22,66,10.14,0,55.86,Georgia
SS5499,2024-07-24,Naruto Hoodie,1,55,55,0,0,55,California
SS5500,2024-07-24,One Piece Figure,2,35,70,0,0,70,Texas
SS5501,2024-07-24,Demon Slayer Poster,3,15,45,0,45,0,Florida
SS5502,2024-07-24,Demon Slayer Poster,2,15,30,0,0,30,Florida
SS5503,2024-07-24,Naruto Hoodie,3,55,165,0,0,165,Missouri
SS5504,2024-07-24,One Piece Figure,2,35,70,0,0,70,North Carolina
SS5505,2024-07-24,Naruto Hoodie,2,55,110,0,0,110,New Jersey
SS5506,2024-07-25,Naruto Hoodie,3,55,165,0,0,165,Missouri
SS5507,2024-07-25,Demon Slayer Poster,1,15,15,0,0,15,Texas
SS5508,2024-07-25,Dragon Ball Z Hat,1,22,22,2.96,0,19.04,California
SS5509,2024-07-25,Naruto Hoodie,3,55,165,0,0,165,Arizona
SS5510,2024-07-25,Naruto Hoodie,2,55,110,0,110,0,Florida
SS5511,2024-07-25,Anime Mystery Box,1,60,60,0,0,60,New York
SS5512,2024-07-25,Attack on Titan T-Shirt,2,28,56,0,0,56,Texas
SS5513,2024-07-25,Naruto Hoodie,2,55,110,0,0,110,Florida
SS5514,2024-07-25,Anime Mystery Box,2,60,120,0,0,120,Florida
SS5515,2024-07-25,My Hero Academia Backpack,2,48,96,0,0,96,Florida
SS5516,2024-07-25,Anime Mystery Box,3,60,180,0,0,180,California
SS5517,2024-07-25,One Piece Figure,3,35,105,14.05,90.95,0,Colorado
SS5518,2024-07-25,Naruto Hoodie,1,55,55,0,0,55,Texas
SS5519,2024-07-25,Anime Mystery Box,3,60,180,28.22,0,151.78,Texas
SS5520,2024-07-26,One Piece Figure,2,35,70,0,0,70,California
SS5521,2024-07-26,Jujutsu Kaisen Keychain,2,8,16,0,0,16,Illinois
SS5522,2024-07-26,Anime Mystery Box,3,60,180,0,0,180,Texas
SS5523,2024-07-26,Naruto Hoodie,1,55,55,8.57,0,46.43,California
SS5524,2024-07-26,Naruto Hoodie,1,55,55,0,0,55,Ohio
SS5525,2024-07-26,Anime Mystery Box,3,60,180,0,180,0,Florida
SS5526,2024-07-26,Anime Mystery Box,1,60,60,0,0,60,California
SS5527,2024-07-26,Anime Mystery Box,3,60,180,0,180,0,Arizona
SS5528,2024-07-26,Demon Slayer Poster,1,15,15,0,0,15,California
SS5529,2024-07-26,Naruto Hoodie,3,55,165,0,0,165,Pennsylvania
SS5530,2024-07-27,Attack on Titan T-Shirt,2,28,56,0,0,56,Texas
SS5531,2024-07-27,Anime Mystery Box,2,60,120,0,0,120,Florida
SS5532,2024-07-27,Naruto Hoodie,1,55,55,10.47,0,44.53,Florida
SS5533,2024-07-27,Demon Slayer Poster,1,15,15,1.4,13.6,0,Florida
SS5534,2024-07-27,Jujutsu Kaisen Keychain,2,8,16,0,0,16,New York
SS5535,2024-07-27,One Piece Figure,1,35,35,0,0,35,Florida
SS5536,2024-07-27,Anime Mystery Box,2,60,120,0,120,0,Florida
SS5537,2024-07-27,Demon Slayer Poster,1,15,15,0,0,15,Georgia
SS5538,2024-07-27,One Piece Figure,1,35,35,0,0,35,Florida
SS5539,2024-07-27,Naruto Hoodie,2,55,110,0,0,110,Florida
SS5540,2024-07-27,Naruto Hoodie,2,55,110,0,0,110,Georgia
SS5541,2024-07-27,Anime Mystery Box,1,60,60,0,0,60,California
SS5542,2024-07-27,Naruto Hoodie,3,55,165,11.49,0,153.51,New Jersey
SS5543,2024-07-27,Demon Slayer Poster,2,15,30,0,0,30,Florida
SS5544,2024-07-27,Naruto Hoodie,1,55,55,0,0,55,Texas
SS5545,2024-07-27,Jujutsu Kaisen Keychain,2,8,16,0,0,16,Florida
SS5546,2024-07-28,Naruto Hoodie,2,55,110,0,0,110,Texas
SS5547,2024-07-28,Anime Mystery Box,3,60,180,0,180,0,New York
SS5548,2024-07-28,Naruto Hoodie,1,55,55,0,0,55,Virginia
SS5549,2024-07-28,Dragon Ball Z Hat,3,22,66,10.86,0,55.14,Texas
SS5550,2024-07-28,Anime Mystery Box,2,60,120,0,0,120,Pennsylvania
SS5551,2024-07-28,Anime Mystery Box,2,60,120,0,0,120,North Carolina
SS5552,2024-07-28,Anime Mystery Box,1,60,60,0,0,60,North Carolina
SS5553,2024-07-28,Naruto Hoodie,1,55,55,0,0,55,California
SS5554,2024-07-28,Naruto Hoodie,1,55,55,0,0,55,Washington
SS5555,2024-07-28,Attack on Titan T-Shirt,2,28,56,0,0,56,Virginia
SS5556,2024-07-28,Naruto Hoodie,3,55,165,0,165,0,Florida
SS5557,2024-07-28,Naruto Hoodie,1,55,55,0,0,55,Arizona
SS5558,2024-07-28,Attack on Titan T-Shirt,3,28,84,0,0,84,Virginia
SS5559,2024-07-29,Demon Slayer Poster,2,15,30,0,0,30,Florida
SS5560,2024-07-29,Anime Mystery Box,3,60,180,0,0,180,Florida
SS5561,2024-07-29,Dragon Ball Z Hat,2,22,44,5.82,0,38.18,New York
SS5562,2024-07-29,One Piece Figure,1,35,35,0,0,35,Texas
SS5563,2024-07-29,Attack on Titan T-Shirt,2,28,56,6.77,0,49.23,California
SS5564,2024-07-29,Demon Slayer Poster,1,15,15,0,0,15,Arizona
SS5565,2024-07-29,Anime Mystery Box,2,60,120,10.52,0,109.48,Arizona
SS5566,2024-07-30,Anime Mystery Box,1,60,60,11.99,0,48.01,Texas
SS5567,2024-07-30,Anime Mystery Box,3,60,180,0,0,180,Massachusetts
SS5568,2024-07-30,Naruto Hoodie,2,55,110,8.46,0,101.54,Arizona
SS5569,2024-07-30,Attack on Titan T-Shirt,2,28,56,0,0,56,Florida
SS5570,2024-07-30,Naruto Hoodie,1,55,55,0,0,55,New York
SS5571,2024-07-30,My Hero Academia Backpack,3,48,144,7.65,136.35,0,Virginia
SS5572,2024-07-30,Anime Mystery Box,1,60,60,10.87,0,49.13,Texas
SS5573,2024-07-30,Anime Mystery Box,1,60,60,0,0,60,California
SS5574,2024-07-31,Anime Mystery Box,1,60,60,9.49,0,50.51,North Carolina
SS5575,2024-07-31,Attack on Titan T-Shirt,3,28,84,0,0,84,Florida
SS5576,2024-07-31,My Hero Academia Backpack,3,48,144,0,0,144,California
SS5577,2024-07-31,Jujutsu Kaisen Keychain,2,8,16,2.61,0,13.39,Ohio
SS5578,2024-07-31,Naruto Hoodie,2,55,110,0,0,110,Florida
SS5579,2024-07-31,Anime Mystery Box,3,60,180,0,0,180,Tennessee
SS5580,2024-07-31,Anime Mystery Box,3,60,180,21.87,0,158.13,Florida
SS5581,2024-07-31,Attack on Titan T-Shirt,3,28,84,0,0,84,Illinois
SS5582,2024-08-01,Naruto Hoodie,1,55,55,9.8,0,45.2,California
SS5583,2024-08-01,Demon Slayer Poster,1,15,15,0,0,15,Florida
SS5584,2024-08-01,Naruto Hoodie,1,55,55,6.94,0,48.06,California
SS5585,2024-08-01,One Piece Figure,1,35,35,0,0,35,Georgia
SS5586,2024-08-01,Attack on Titan T-Shirt,2,28,56,0,0,56,California
SS5587,2024-08-01,Naruto Hoodie,3,55,165,0,0,165,Florida
SS5588,2024-08-02,Naruto Hoodie,1,55,55,0,0,55,California
SS5589,2024-08-02,Anime Mystery Box,3,60,180,0,0,180,Illinois
SS5590,2024-08-02,Anime Mystery Box,1,60,60,0,0,60,Texas
SS5591,2024-08-02,Naruto Hoodie,1,55,55,0,0,55,New York
SS5592,2024-08-02,Naruto Hoodie,1,55,55,8.79,0,46.21,Pennsylvania
SS5593,2024-08-02,One Piece Figure,1,35,35,0,0,35,Indiana
SS5594,2024-08-02,Dragon Ball Z Hat,3,22,66,12.95,0,53.05,Arizona
SS5595,2024-08-03,One Piece Figure,3,35,105,0,0,105,Florida
SS5596,2024-08-03,Demon Slayer Poster,3,15,45,5.35,0,39.65,California
SS5597,2024-08-03,Demon Slayer Poster,2,15,30,0,0,30,Pennsylvania
SS5598,2024-08-03,My Hero Academia Backpack,1,48,48,4.55,0,43.45,Texas
SS5599,2024-08-03,One Piece Figure,1,35,35,0,0,35,Missouri
SS5600,2024-08-03,Demon Slayer Poster,2,15,30,0,0,30,Illinois
SS5601,2024-08-03,Dragon Ball Z Hat,3,22,66,10.78,0,55.22,Colorado
SS5602,2024-08-03,Dragon Ball Z Hat,3,22,66,0,0,66,Georgia
SS5603,2024-08-03,Anime Mystery Box,3,60,180,20.76,159.24,0,California
SS5604,2024-08-03,One Piece Figure,3,35,105,0,0,105,Illinois
SS5605,2024-08-03,Anime Mystery Box,3,60,180,0,0,180,Texas
SS5606,2024-08-03,Naruto Hoodie,1,55,55,3.73,0,51.27,Texas
SS5607,2024-08-03,Naruto Hoodie,1,55,55,0,0,55,Michigan
SS5608,2024-08-04,Jujutsu Kaisen Keychain,3,8,24,0,0,24,Florida
SS5609,2024-08-04,Anime Mystery Box,1,60,60,4.68,0,55.32,Texas
SS5610,2024-08-04,My Hero Academia Backpack,2,48,96,0,0,96,Florida
SS5611,2024-08-04,Dragon Ball Z Hat,2,22,44,0,0,44,Texas
SS5612,2024-08-04,Attack on Titan T-Shirt,3,28,84,0,0,84,Virginia
SS5613,2024-08-04,One Piece Figure,1,35,35,0,0,35,California
SS5614,2024-08-04,Jujutsu Kaisen Keychain,2,8,16,0,0,16,California
SS5615,2024-08-04,Anime Mystery Box,1,60,60,7.1,0,52.9,Florida
SS5616,2024-08-04,Naruto Hoodie,1,55,55,5.5,0,49.5,California
SS5617,2024-08-04,Dragon Ball Z Hat,2,22,44,0,0,44,California
SS5618,2024-08-04,Anime Mystery Box,2,60,120,0,0,120,Massachusetts
SS5619,2024-08-04,Attack on Titan T-Shirt,2,28,56,0,0,56,Florida
SS5620,2024-08-04,Attack on Titan T-Shirt,2,28,56,9.35,0,46.65,Florida
SS5621,2024-08-04,My Hero Academia Backpack,1,48,48,0,48,0,California
SS5622,2024-08-04,Anime Mystery Box,1,60,60,0,0,60,Florida
SS5623,2024-08-05,Jujutsu Kaisen Keychain,1,8,8,0,0,8,California
SS5624,2024-08-05,Anime Mystery Box,1,60,60,0,0,60,Florida
SS5625,2024-08-05,My Hero Academia Backpack,3,48,144,28.23,115.77,0,Texas
SS5626,2024-08-05,Anime Mystery Box,3,60,180,21.17,0,158.83,Ohio
SS5627,2024-08-05,Demon Slayer Poster,3,15,45,0,0,45,Nevada
SS5628,2024-08-05,My Hero Academia Backpack,1,48,48,0,0,48,Missouri
SS5629,2024-08-05,Anime Mystery Box,1,60,60,0,0,60,Washington
SS5630,2024-08-05,Anime Mystery Box,2,60,120,0,0,120,Colorado
SS5631,2024-08-05,Anime Mystery Box,3,60,180,0,0,180,Florida
SS5632,2024-08-05,Naruto Hoodie,1,55,55,6.89,48.11,0,Florida
SS5633,2024-08-05,Attack on Titan T-Shirt,2,28,56,0,56,0,Florida
SS5634,2024-08-05,Anime Mystery Box,1,60,60,3.53,0,56.47,Indiana
SS5635,2024-08-05,Anime Mystery Box,2,60,120,0,120,0,Texas
SS5636,2024-08-05,One Piece Figure,1,35,35,0,35,0,Florida
SS5637,2024-08-05,Naruto Hoodie,3,55,165,12.36,152.64,0,California
SS5638,2024-08-05,Naruto Hoodie,2,55,110,9.29,0,100.71,Florida
SS5639,2024-08-05,Anime Mystery Box,1,60,60,0,0,60,California
SS5640,2024-08-05,Demon Slayer Poster,2,15,30,4.62,25.38,0,Florida
SS5641,2024-08-06,Anime Mystery Box,2,60,120,0,0,120,Florida
SS5642,2024-08-06,One Piece Figure,3,35,105,14.19,0,90.81,Washington
SS5643,2024-08-06,Anime Mystery Box,3,60,180,0,0,180,Florida
SS5644,2024-08-06,Dragon Ball Z Hat,1,22,22,0,0,22,Texas
SS5645,2024-08-06,Naruto Hoodie,1,55,55,0,0,55,Texas
SS5646,2024-08-06,Anime Mystery Box,1,60,60,0,0,60,Florida
SS5647,2024-08-06,My Hero Academia Backpack,3,48,144,17.19,126.81,0,Texas
SS5648,2024-08-06,Anime Mystery Box,2,60,120,0,0,120,California
SS5649,2024-08-06,Anime Mystery Box,2,60,120,0,0,120,Texas
SS5650,2024-08-06,Naruto Hoodie,1,55,55,4.94,0,50.06,Nevada
SS5651,2024-08-06,My Hero Academia Backpack,2,48,96,0,0,96,Tennessee
SS5652,2024-08-06,Attack on Titan T-Shirt,3,28,84,11.4,0,72.6,Florida
SS5653,2024-08-06,Dragon Ball Z Hat,1,22,22,0,0,22,Texas
SS5654,2024-08-06,One Piece Figure,1,35,35,0,0,35,Texas
SS5655,2024-08-06,Demon Slayer Poster,3,15,45,0,0,45,Texas
SS5656,2024-08-07,Naruto Hoodie,2,55,110,0,0,110,Pennsylvania
SS5657,2024-08-07,Naruto Hoodie,2,55,110,0,110,0,Colorado
SS5658,2024-08-07,My Hero Academia Backpack,3,48,144,0,0,144,Illinois
SS5659,2024-08-07,Anime Mystery Box,2,60,120,0,120,0,Virginia
SS5660,2024-08-07,Anime Mystery Box,1,60,60,0,0,60,North Carolina
SS5661,2024-08-07,Attack on Titan T-Shirt,3,28,84,0,0,84,Colorado
SS5662,2024-08-07,Dragon Ball Z Hat,1,22,22,0,0,22,Nevada
SS5663,2024-08-07,Jujutsu Kaisen Keychain,1,8,8,0,0,8,Florida
SS5664,2024-08-07,Dragon Ball Z Hat,1,22,22,0,0,22,North Carolina
SS5665,2024-08-07,Demon Slayer Poster,2,15,30,5.22,0,24.78,California
SS5666,2024-08-07,Jujutsu Kaisen Keychain,1,8,8,0,0,8,Florida
SS5667,2024-08-07,Naruto Hoodie,2,55,110,0,0,110,Texas
SS5668,2024-08-07,Anime Mystery Box,3,60,180,0,0,180,California
SS5669,2024-08-07,Naruto Hoodie,3,55,165,0,0,165,New York
SS5670,2024-08-07,Anime Mystery Box,1,60,60,0,0,60,New Jersey
SS5671,2024-08-07,Anime Mystery Box,2,60,120,0,0,120,Texas
SS5672,2024-08-07,Naruto Hoodie,2,55,110,0,0,110,Florida
SS5673,2024-08-07,Jujutsu Kaisen Keychain,3,8,24,0,0,24,Colorado
SS5674,2024-08-08,Jujutsu Kaisen Keychain,2,8,16,0,0,16,Florida
SS5675,2024-08-08,Naruto Hoodie,2,55,110,0,0,110,New Jersey
SS5676,2024-08-08,Attack on Titan T-Shirt,3,28,84,0,0,84,Texas
SS5677,2024-08-08,Jujutsu Kaisen Keychain,2,8,16,0,0,16,Texas
SS5678,2024-08-08,My Hero Academia Backpack,1,48,48,3.98,0,44.02,Tennessee
SS5679,2024-08-08,Naruto Hoodie,2,55,110,0,0,110,Texas
SS5680,2024-08-08,Anime Mystery Box,1,60,60,0,0,60,Ohio
SS5681,2024-08-08,Anime Mystery Box,2,60,120,0,0,120,California
SS5682,2024-08-08,One Piece Figure,3,35,105,0,0,105,Florida
SS5683,2024-08-09,Attack on Titan T-Shirt,1,28,28,0,0,28,California
SS5684,2024-08-09,Attack on Titan T-Shirt,3,28,84,6.46,77.54,0,California
SS5685,2024-08-09,Jujutsu Kaisen Keychain,3,8,24,4.61,0,19.39,California
SS5686,2024-08-09,Dragon Ball Z Hat,1,22,22,2.58,0,19.42,Massachusetts
SS5687,2024-08-09,Dragon Ball Z Hat,2,22,44,5.34,0,38.66,Texas
SS5688,2024-08-09,My Hero Academia Backpack,2,48,96,12.74,0,83.26,Florida
SS5689,2024-08-09,Anime Mystery Box,3,60,180,0,0,180,California
SS5690,2024-08-09,Naruto Hoodie,2,55,110,0,0,110,California
SS5691,2024-08-09,Anime Mystery Box,3,60,180,0,0,180,Texas
SS5692,2024-08-09,Anime Mystery Box,2,60,120,0,0,120,California
SS5693,2024-08-09,Demon Slayer Poster,1,15,15,0,0,15,Florida
SS5694,2024-08-09,Dragon Ball Z Hat,1,22,22,0,0,22,California
SS5695,2024-08-09,Anime Mystery Box,1,60,60,0,0,60,Washington
SS5696,2024-08-09,Naruto Hoodie,3,55,165,0,0,165,California
SS5697,2024-08-09,Naruto Hoodie,2,55,110,19.94,0,90.06,Pennsylvania
SS5698,2024-08-09,Anime Mystery Box,2,60,120,9.13,0,110.87,California
SS5699,2024-08-09,Naruto Hoodie,1,55,55,10.52,0,44.48,North Carolina
SS5700,2024-08-09,Naruto Hoodie,2,55,110,0,0,110,North Carolina
SS5701,2024-08-10,Naruto Hoodie,1,55,55,0,0,55,Texas
SS5702,2024-08-10,Naruto Hoodie,1,55,55,0,55,0,Texas
SS5703,2024-08-10,Anime Mystery Box,1,60,60,0,0,60,Pennsylvania
SS5704,2024-08-10,Anime Mystery Box,1,60,60,0,0,60,Texas
SS5705,2024-08-10,Dragon Ball Z Hat,3,22,66,0,0,66,Colorado
SS5706,2024-08-10,Attack on Titan T-Shirt,2,28,56,0,0,56,Massachusetts
SS5707,2024-08-10,Demon Slayer Poster,2,15,30,0,0,30,Washington
SS5708,2024-08-10,Dragon Ball Z Hat,1,22,22,1.31,0,20.69,Washington
SS5709,2024-08-10,Anime Mystery Box,2,60,120,0,0,120,California
SS5710,2024-08-10,Anime Mystery Box,3,60,180,0,0,180,California
SS5711,2024-08-10,Attack on Titan T-Shirt,2,28,56,0,0,56,North Carolina
SS5712,2024-08-10,Dragon Ball Z Hat,2,22,44,0,0,44,Florida
SS5713,2024-08-10,Naruto Hoodie,1,55,55,0,0,55,Pennsylvania
SS5714,2024-08-10,Attack on Titan T-Shirt,3,28,84,0,0,84,Texas
SS5715,2024-08-11,Naruto Hoodie,2,55,110,0,0,110,Pennsylvania
SS5716,2024-08-11,Dragon Ball Z Hat,3,22,66,0,0,66,Texas
SS5717,2024-08-11,Naruto Hoodie,2,55,110,0,0,110,Virginia
SS5718,2024-08-11,Attack on Titan T-Shirt,1,28,28,0,0,28,Indiana
SS5719,2024-08-11,Naruto Hoodie,1,55,55,7.45,0,47.55,Florida
SS5720,2024-08-11,Anime Mystery Box,3,60,180,12.59,0,167.41,Florida
SS5721,2024-08-11,Naruto Hoodie,3,55,165,0,0,165,Texas
SS5722,2024-08-11,Naruto Hoodie,2,55,110,0,0,110,Florida
SS5723,2024-08-11,Anime Mystery Box,2,60,120,0,0,120,Tennessee
SS5724,2024-08-11,Naruto Hoodie,3,55,165,0,0,165,Texas
SS5725,2024-08-11,Dragon Ball Z Hat,2,22,44,0,0,44,Colorado
SS5726,2024-08-11,Jujutsu Kaisen Keychain,3,8,24,0,0,24,California
SS5727,2024-08-11,Naruto Hoodie,3,55,165,0,0,165,Florida
SS5728,2024-08-11,One Piece Figure,2,35,70,7.82,0,62.18,Georgia
SS5729,2024-08-11,Naruto Hoodie,1,55,55,0,0,55,Florida
SS5730,2024-08-11,One Piece Figure,2,35,70,0,0,70,California
SS5731,2024-08-12,Jujutsu Kaisen Keychain,3,8,24,0,0,24,Texas
SS5732,2024-08-12,Anime Mystery Box,3,60,180,0,0,180,Missouri
SS5733,2024-08-12,Anime Mystery Box,2,60,120,0,0,120,California
SS5734,2024-08-12,Naruto Hoodie,2,55,110,0,0,110,Ohio
SS5735,2024-08-12,Dragon Ball Z Hat,2,22,44,0,0,44,New Jersey
SS5736,2024-08-12,Demon Slayer Poster,3,15,45,5.03,0,39.97,New York
SS5737,2024-08-12,Attack on Titan T-Shirt,2,28,56,0,0,56,Nevada
SS5738,2024-08-12,Anime Mystery Box,2,60,120,0,0,120,Texas
SS5739,2024-08-12,Naruto Hoodie,1,55,55,0,0,55,Georgia
SS5740,2024-08-12,One Piece Figure,1,35,35,0,0,35,Washington
SS5741,2024-08-12,Naruto Hoodie,3,55,165,0,0,165,Pennsylvania
SS5742,2024-08-12,Anime Mystery Box,2,60,120,0,120,0,Colorado
SS5743,2024-08-13,Naruto Hoodie,2,55,110,9.59,0,100.41,Texas
SS5744,2024-08-13,Anime Mystery Box,2,60,120,0,0,120,Florida
SS5745,2024-08-13,Anime Mystery Box,1,60,60,0,0,60,Arizona
SS5746,2024-08-13,Anime Mystery Box,3,60,180,0,0,180,Texas
SS5747,2024-08-13,Naruto Hoodie,3,55,165,19.22,0,145.78,New York
SS5748,2024-08-13,Jujutsu Kaisen Keychain,3,8,24,0,0,24,Nevada
SS5749,2024-08-13,Anime Mystery Box,2,60,120,0,0,120,Illinois
SS5750,2024-08-13,Naruto Hoodie,1,55,55,0,55,0,Nevada
SS5751,2024-08-13,Naruto Hoodie,2,55,110,0,0,110,California
SS5752,2024-08-13,One Piece Figure,2,35,70,0,0,70,Georgia
SS5753,2024-08-13,Anime Mystery Box,2,60,120,21.53,0,98.47,California
SS5754,2024-08-13,Anime Mystery Box,3,60,180,27.98,0,152.02,Florida
SS5755,2024-08-13,Anime Mystery Box,3,60,180,0,0,180,California
SS5756,2024-08-13,Naruto Hoodie,2,55,110,0,0,110,Virginia
SS5757,2024-08-13,One Piece Figure,3,35,105,0,0,105,Texas
SS5758,2024-08-14,Naruto Hoodie,2,55,110,0,0,110,California
SS5759,2024-08-14,Anime Mystery Box,3,60,180,0,0,180,Texas
SS5760,2024-08-14,Anime Mystery Box,1,60,60,0,0,60,Missouri
SS5761,2024-08-14,Naruto Hoodie,2,55,110,11.83,0,98.17,California
SS5762,2024-08-14,Jujutsu Kaisen Keychain,1,8,8,1.02,0,6.98,Washington
SS5763,2024-08-14,Dragon Ball Z Hat,1,22,22,2.2,0,19.8,Florida
SS5764,2024-08-14,Demon Slayer Poster,1,15,15,0,0,15,California
SS5765,2024-08-14,Naruto Hoodie,2,55,110,0,0,110,Florida
SS5766,2024-08-14,Jujutsu Kaisen Keychain,3,8,24,0,0,24,California
SS5767,2024-08-15,Attack on Titan T-Shirt,1,28,28,2.47,0,25.53,Ohio
SS5768,2024-08-15,My Hero Academia Backpack,2,48,96,18.68,0,77.32,California
SS5769,2024-08-15,Anime Mystery Box,1,60,60,7.31,0,52.69,Florida
SS5770,2024-08-15,Jujutsu Kaisen Keychain,1,8,8,0,0,8,Illinois
SS5771,2024-08-15,One Piece Figure,2,35,70,0,0,70,Florida
SS5772,2024-08-15,Anime Mystery Box,3,60,180,0,0,180,Florida
SS5773,2024-08-15,Naruto Hoodie,3,55,165,0,0,165,Texas
SS5774,2024-08-15,Naruto Hoodie,2,55,110,10.99,0,99.01,Texas
SS5775,2024-08-15,Naruto Hoodie,3,55,165,0,0,165,California
SS5776,2024-08-15,Anime Mystery Box,1,60,60,0,60,0,California
SS5777,2024-08-15,Naruto Hoodie,1,55,55,6.76,0,48.24,Florida
SS5778,2024-08-15,Anime Mystery Box,3,60,180,0,0,180,Michigan
SS5779,2024-08-15,Naruto Hoodie,3,55,165,0,0,165,Tennessee
SS5780,2024-08-15,Naruto Hoodie,1,55,55,0,0,55,Arizona
SS5781,2024-08-15,One Piece Figure,1,35,35,0,0,35,Indiana
SS5782,2024-08-15,One Piece Figure,1,35,35,0,35,0,Texas
SS5783,2024-08-15,Attack on Titan T-Shirt,1,28,28,0,0,28,Virginia
SS5784,2024-08-15,Anime Mystery Box,1,60,60,0,0,60,Illinois
SS5785,2024-08-16,One Piece Figure,2,35,70,12.72,0,57.28,Florida
SS5786,2024-08-16,Anime Mystery Box,2,60,120,7.3,112.7,0,Missouri
SS5787,2024-08-16,Demon Slayer Poster,3,15,45,0,0,45,Florida
SS5788,2024-08-16,One Piece Figure,1,35,35,0,35,0,Tennessee
SS5789,2024-08-16,Jujutsu Kaisen Keychain,2,8,16,0,16,0,California
SS5790,2024-08-16,Anime Mystery Box,2,60,120,0,0,120,Texas
SS5791,2024-08-16,Attack on Titan T-Shirt,3,28,84,0,0,84,Texas
SS5792,2024-08-16,Anime Mystery Box,2,60,120,16.41,0,103.59,Virginia
SS5793,2024-08-16,Attack on Titan T-Shirt,3,28,84,0,0,84,Florida
SS5794,2024-08-16,Attack on Titan T-Shirt,1,28,28,0,0,28,California
SS5795,2024-08-16,One Piece Figure,1,35,35,2.69,0,32.31,California
SS5796,2024-08-16,Attack on Titan T-Shirt,3,28,84,0,0,84,Florida
SS5797,2024-08-16,Anime Mystery Box,3,60,180,0,0,180,Michigan
SS5798,2024-08-16,Anime Mystery Box,3,60,180,0,0,180,California
SS5799,2024-08-16,Jujutsu Kaisen Keychain,2,8,16,0,0,16,Michigan
SS5800,2024-08-16,Naruto Hoodie,1,55,55,6.32,0,48.68,Arizona
SS5801,2024-08-17,Demon Slayer Poster,3,15,45,0,0,45,Texas
SS5802,2024-08-17,My Hero Academia Backpack,3,48,144,8.65,0,135.35,Tennessee
SS5803,2024-08-17,Dragon Ball Z Hat,2,22,44,5,0,39,Pennsylvania
SS5804,2024-08-17,Naruto Hoodie,1,55,55,0,0,55,Texas
SS5805,2024-08-17,Anime Mystery Box,3,60,180,0,180,0,California
SS5806,2024-08-17,Anime Mystery Box,2,60,120,0,120,0,New York
SS5807,2024-08-17,Anime Mystery Box,2,60,120,10.97,0,109.03,Florida
SS5808,2024-08-17,Dragon Ball Z Hat,3,22,66,0,0,66,Florida
SS5809,2024-08-17,Anime Mystery Box,1,60,60,0,0,60,Georgia
SS5810,2024-08-17,Attack on Titan T-Shirt,2,28,56,9.23,0,46.77,Texas
SS5811,2024-08-17,Dragon Ball Z Hat,3,22,66,0,0,66,Florida
SS5812,2024-08-17,Attack on Titan T-Shirt,1,28,28,0,0,28,Arizona
SS5813,2024-08-17,Attack on Titan T-Shirt,1,28,28,0,0,28,New York
SS5814,2024-08-17,Naruto Hoodie,1,55,55,0,0,55,Virginia
SS5815,2024-08-17,Demon Slayer Poster,3,15,45,4.13,40.87,0,California
SS5816,2024-08-17,Dragon Ball Z Hat,2,22,44,0,0,44,California
SS5817,2024-08-17,Naruto Hoodie,1,55,55,7.1,0,47.9,Florida
SS5818,2024-08-17,Naruto Hoodie,3,55,165,0,0,165,Florida
SS5819,2024-08-18,Naruto Hoodie,2,55,110,0,0,110,North Carolina
SS5820,2024-08-18,Demon Slayer Poster,2,15,30,1.69,0,28.31,North Carolina
SS5821,2024-08-18,Naruto Hoodie,2,55,110,13.61,0,96.39,California
SS5822,2024-08-18,Anime Mystery Box,2,60,120,16.56,103.44,0,Texas
SS5823,2024-08-18,Anime Mystery Box,3,60,180,0,0,180,Texas
SS5824,2024-08-18,Anime Mystery Box,2,60,120,19.04,0,100.96,California
SS5825,2024-08-18,Anime Mystery Box,1,60,60,0,0,60,Texas
SS5826,2024-08-18,Dragon Ball Z Hat,3,22,66,0,0,66,Florida
SS5827,2024-08-18,Attack on Titan T-Shirt,2,28,56,0,0,56,California
SS5828,2024-08-18,Naruto Hoodie,3,55,165,0,0,165,Texas
SS5829,2024-08-18,Anime Mystery Box,3,60,180,0,0,180,California
SS5830,2024-08-18,Anime Mystery Box,2,60,120,0,0,120,Washington
SS5831,2024-08-18,Demon Slayer Poster,1,15,15,2.79,0,12.21,Texas
SS5832,2024-08-18,Naruto Hoodie,2,55,110,10.09,0,99.91,California
SS5833,2024-08-19,One Piece Figure,1,35,35,0,0,35,Texas
SS5834,2024-08-19,Naruto Hoodie,1,55,55,0,0,55,Florida
SS5835,2024-08-19,Naruto Hoodie,1,55,55,0,0,55,Florida
SS5836,2024-08-19,Naruto Hoodie,3,55,165,31.57,0,133.43,Nevada
SS5837,2024-08-19,One Piece Figure,2,35,70,0,0,70,New Jersey
SS5838,2024-08-19,Anime Mystery Box,2,60,120,0,0,120,Texas
SS5839,2024-08-19,Anime Mystery Box,1,60,60,0,0,60,Georgia
SS5840,2024-08-19,Anime Mystery Box,1,60,60,7.78,52.22,0,Georgia
SS5841,2024-08-19,Anime Mystery Box,3,60,180,0,0,180,Illinois
SS5842,2024-08-19,Anime Mystery Box,3,60,180,0,180,0,Florida
SS5843,2024-08-19,Anime Mystery Box,1,60,60,0,0,60,Texas
SS5844,2024-08-19,Dragon Ball Z Hat,2,22,44,4.55,0,39.45,Florida
SS5845,2024-08-19,Anime Mystery Box,1,60,60,0,0,60,New York
SS5846,2024-08-20,Anime Mystery Box,3,60,180,0,0,180,Arizona
SS5847,2024-08-20,Naruto Hoodie,2,55,110,14.25,0,95.75,Missouri
SS5848,2024-08-20,Attack on Titan T-Shirt,1,28,28,0,0,28,Missouri
SS5849,2024-08-20,Naruto Hoodie,2,55,110,0,0,110,Florida
SS5850,2024-08-20,Demon Slayer Poster,2,15,30,3.73,0,26.27,California
SS5851,2024-08-20,Naruto Hoodie,1,55,55,0,0,55,California
SS5852,2024-08-20,Naruto Hoodie,3,55,165,26.28,0,138.72,Texas
SS5853,2024-08-20,Anime Mystery Box,1,60,60,0,0,60,California
SS5854,2024-08-20,Demon Slayer Poster,3,15,45,3.91,0,41.09,North Carolina
SS5855,2024-08-21,Naruto Hoodie,1,55,55,4.49,0,50.51,Texas
SS5856,2024-08-21,Naruto Hoodie,1,55,55,0,0,55,Pennsylvania
SS5857,2024-08-21,Attack on Titan T-Shirt,3,28,84,0,0,84,California
SS5858,2024-08-21,Jujutsu Kaisen Keychain,3,8,24,0,0,24,California
SS5859,2024-08-21,My Hero Academia Backpack,2,48,96,11.79,0,84.21,Ohio
SS5860,2024-08-21,Anime Mystery Box,1,60,60,0,0,60,Virginia
SS5861,2024-08-22,Anime Mystery Box,1,60,60,9.54,0,50.46,California
SS5862,2024-08-22,Dragon Ball Z Hat,2,22,44,0,0,44,Texas
SS5863,2024-08-22,Naruto Hoodie,3,55,165,0,0,165,Florida
SS5864,2024-08-22,Naruto Hoodie,3,55,165,0,0,165,Washington
SS5865,2024-08-22,Naruto Hoodie,2,55,110,0,0,110,Florida
SS5866,2024-08-22,One Piece Figure,1,35,35,0,0,35,California
SS5867,2024-08-22,Anime Mystery Box,2,60,120,13.67,0,106.33,Texas
SS5868,2024-08-22,Naruto Hoodie,3,55,165,0,0,165,Texas
SS5869,2024-08-22,Jujutsu Kaisen Keychain,1,8,8,0,0,8,Texas
SS5870,2024-08-22,Naruto Hoodie,3,55,165,0,0,165,California
SS5871,2024-08-22,One Piece Figure,1,35,35,2.6,0,32.4,Texas
SS5872,2024-08-22,Dragon Ball Z Hat,2,22,44,0,0,44,Colorado
SS5873,2024-08-22,Naruto Hoodie,3,55,165,0,0,165,Michigan
SS5874,2024-08-22,My Hero Academia Backpack,1,48,48,0,0,48,Illinois
SS5875,2024-08-22,Jujutsu Kaisen Keychain,1,8,8,0,0,8,Missouri
SS5876,2024-08-23,My Hero Academia Backpack,1,48,48,0,0,48,Indiana
SS5877,2024-08-23,Naruto Hoodie,2,55,110,0,0,110,California
SS5878,2024-08-23,Attack on Titan T-Shirt,1,28,28,0,0,28,Ohio
SS5879,2024-08-23,Anime Mystery Box,2,60,120,14.86,0,105.14,Florida
SS5880,2024-08-23,Anime Mystery Box,2,60,120,0,0,120,California
SS5881,2024-08-23,My Hero Academia Backpack,2,48,96,0,0,96,Florida
SS5882,2024-08-23,One Piece Figure,2,35,70,0,0,70,Florida
SS5883,2024-08-23,Jujutsu Kaisen Keychain,1,8,8,0,0,8,California
SS5884,2024-08-23,Anime Mystery Box,1,60,60,7.24,0,52.76,Texas
SS5885,2024-08-23,My Hero Academia Backpack,1,48,48,0,0,48,Indiana
SS5886,2024-08-23,Naruto Hoodie,1,55,55,0,0,55,Indiana
SS5887,2024-08-23,My Hero Academia Backpack,3,48,144,0,0,144,California
SS5888,2024-08-23,Naruto Hoodie,2,55,110,17.61,0,92.39,California
SS5889,2024-08-23,Anime Mystery Box,3,60,180,0,0,180,Texas
SS5890,2024-08-24,Dragon Ball Z Hat,2,22,44,0,0,44,New York
SS5891,2024-08-24,Anime Mystery Box,3,60,180,0,0,180,Texas
SS5892,2024-08-24,Naruto Hoodie,2,55,110,0,0,110,New Jersey
SS5893,2024-08-24,Attack on Titan T-Shirt,3,28,84,0,0,84,California
SS5894,2024-08-24,Naruto Hoodie,3,55,165,0,165,0,Washington
SS5895,2024-08-24,Naruto Hoodie,2,55,110,0,0,110,Florida
SS5896,2024-08-24,Naruto Hoodie,2,55,110,20.31,89.69,0,Massachusetts
SS5897,2024-08-25,One Piece Figure,2,35,70,0,0,70,Texas
SS5898,2024-08-25,Attack on Titan T-Shirt,1,28,28,0,0,28,California
SS5899,2024-08-25,Attack on Titan T-Shirt,2,28,56,3.07,0,52.93,California
SS5900,2024-08-25,Naruto Hoodie,2,55,110,0,0,110,Florida
SS5901,2024-08-25,Jujutsu Kaisen Keychain,2,8,16,0,0,16,Texas
SS5902,2024-08-25,Jujutsu Kaisen Keychain,2,8,16,0,0,16,Florida
SS5903,2024-08-25,One Piece Figure,1,35,35,0,0,35,Massachusetts
SS5904,2024-08-26,One Piece Figure,1,35,35,0,0,35,Texas
SS5905,2024-08-26,Naruto Hoodie,3,55,165,0,0,165,Texas
SS5906,2024-08-26,Anime Mystery Box,2,60,120,20.48,0,99.52,Florida
SS5907,2024-08-26,Anime Mystery Box,3,60,180,0,0,180,Virginia
SS5908,2024-08-26,My Hero Academia Backpack,2,48,96,7.29,0,88.71,Colorado
SS5909,2024-08-26,Naruto Hoodie,3,55,165,8.3,156.7,0,Ohio
SS5910,2024-08-26,Anime Mystery Box,2,60,120,0,0,120,Nevada
SS5911,2024-08-27,My Hero Academia Backpack,2,48,96,0,0,96,Arizona
SS5912,2024-08-27,Jujutsu Kaisen Keychain,1,8,8,0,8,0,Colorado
SS5913,2024-08-27,Naruto Hoodie,1,55,55,3.27,0,51.73,California
SS5914,2024-08-27,Naruto Hoodie,2,55,110,0,0,110,California
SS5915,2024-08-27,Naruto Hoodie,3,55,165,0,0,165,Texas
SS5916,2024-08-27,Anime Mystery Box,1,60,60,9.2,0,50.8,Washington
SS5917,2024-08-27,Naruto Hoodie,3,55,165,26.52,0,138.48,Florida
SS5918,2024-08-27,Anime Mystery Box,2,60,120,0,0,120,Texas
SS5919,2024-08-27,Anime Mystery Box,3,60,180,15.44,0,164.56,Texas
SS5920,2024-08-27,Dragon Ball Z Hat,2,22,44,0,0,44,Texas
SS5921,2024-08-27,Demon Slayer Poster,3,15,45,0,45,0,New York
SS5922,2024-08-27,Anime Mystery Box,1,60,60,8.4,0,51.6,Massachusetts
SS5923,2024-08-27,Jujutsu Kaisen Keychain,2,8,16,0,0,16,California
SS5924,2024-08-27,My Hero Academia Backpack,3,48,144,0,144,0,Michigan
SS5925,2024-08-27,Dragon Ball Z Hat,1,22,22,0,0,22,Florida
SS5926,2024-08-28,Naruto Hoodie,3,55,165,17.57,0,147.43,Indiana
SS5927,2024-08-28,Demon Slayer Poster,2,15,30,0,0,30,New York
SS5928,2024-08-28,My Hero Academia Backpack,1,48,48,0,0,48,Colorado
SS5929,2024-08-28,Naruto Hoodie,1,55,55,8.16,46.84,0,California
SS5930,2024-08-28,Anime Mystery Box,3,60,180,0,0,180,Texas
SS5931,2024-08-28,Jujutsu Kaisen Keychain,1,8,8,0,0,8,Texas
SS5932,2024-08-28,Anime Mystery Box,2,60,120,0,0,120,Texas
SS5933,2024-08-28,Naruto Hoodie,3,55,165,0,0,165,Georgia
SS5934,2024-08-28,Naruto Hoodie,2,55,110,0,0,110,Florida
SS5935,2024-08-28,Anime Mystery Box,1,60,60,0,0,60,Florida
SS5936,2024-08-28,Naruto Hoodie,2,55,110,14.97,0,95.03,California
SS5937,2024-08-29,Jujutsu Kaisen Keychain,2,8,16,0,0,16,Texas
SS5938,2024-08-29,Dragon Ball Z Hat,3,22,66,0,0,66,Texas
SS5939,2024-08-29,Anime Mystery Box,3,60,180,0,0,180,Nevada
SS5940,2024-08-29,Anime Mystery Box,1,60,60,0,0,60,Colorado
SS5941,2024-08-29,Anime Mystery Box,3,60,180,0,0,180,Georgia
SS5942,2024-08-29,Attack on Titan T-Shirt,2,28,56,0,0,56,Texas
SS5943,2024-08-29,Anime Mystery Box,1,60,60,0,0,60,Texas
SS5944,2024-08-29,Naruto Hoodie,3,55,165,0,0,165,Georgia
SS5945,2024-08-29,Jujutsu Kaisen Keychain,1,8,8,1.16,0,6.84,Georgia
SS5946,2024-08-29,Anime Mystery Box,3,60,180,0,180,0,Texas
SS5947,2024-08-29,Naruto Hoodie,1,55,55,0,0,55,Texas
SS5948,2024-08-29,Anime Mystery Box,1,60,60,0,0,60,Tennessee
SS5949,2024-08-29,Demon Slayer Poster,1,15,15,0,0,15,Texas
SS5950,2024-08-29,Demon Slayer Poster,1,15,15,0.9,0,14.1,Texas
SS5951,2024-08-29,Naruto Hoodie,1,55,55,0,0,55,New Jersey
SS5952,2024-08-29,Anime Mystery Box,1,60,60,0,0,60,Texas
SS5953,2024-08-29,Jujutsu Kaisen Keychain,3,8,24,3.16,20.84,0,Florida
SS5954,2024-08-30,One Piece Figure,2,35,70,0,70,0,Missouri
SS5955,2024-08-30,Naruto Hoodie,1,55,55,0,0,55,Missouri
SS5956,2024-08-30,Demon Slayer Poster,1,15,15,0,0,15,California
SS5957,2024-08-30,Naruto Hoodie,1,55,55,9.32,45.68,0,Florida
SS5958,2024-08-30,Anime Mystery Box,1,60,60,6.17,0,53.83,Washington
SS5959,2024-08-30,Naruto Hoodie,3,55,165,0,0,165,Missouri
SS5960,2024-08-30,Naruto Hoodie,3,55,165,0,0,165,California
SS5961,2024-08-30,Anime Mystery Box,3,60,180,0,0,180,Virginia
SS5962,2024-08-30,Anime Mystery Box,3,60,180,0,0,180,Florida
SS5963,2024-08-30,My Hero Academia Backpack,2,48,96,0,0,96,California
SS5964,2024-08-30,Dragon Ball Z Hat,2,22,44,0,44,0,Florida
SS5965,2024-08-31,Demon Slayer Poster,3,15,45,0,45,0,California
SS5966,2024-08-31,Dragon Ball Z Hat,2,22,44,6.91,0,37.09,North Carolina
SS5967,2024-08-31,Naruto Hoodie,1,55,55,3.65,0,51.35,Massachusetts
SS5968,2024-08-31,My Hero Academia Backpack,1,48,48,0,0,48,Tennessee
SS5969,2024-08-31,Attack on Titan T-Shirt,1,28,28,0,28,0,Texas
SS5970,2024-08-31,Dragon Ball Z Hat,1,22,22,0,0,22,Michigan
SS5971,2024-08-31,Naruto Hoodie,1,55,55,6.61,0,48.39,California
SS5972,2024-08-31,Naruto Hoodie,1,55,55,0,0,55,California
SS5973,2024-08-31,Anime Mystery Box,1,60,60,0,0,60,California
SS5974,2024-08-31,One Piece Figure,2,35,70,0,0,70,Florida
SS5975,2024-08-31,Anime Mystery Box,2,60,120,20.21,99.79,0,California
SS5976,2024-08-31,Jujutsu Kaisen Keychain,2,8,16,0,0,16,Nevada
SS5977,2024-08-31,Naruto Hoodie,2,55,110,0,0,110,Florida
SS5978,2024-08-31,Naruto Hoodie,1,55,55,3.37,0,51.63,North Carolina
SS5979,2024-08-31,Anime Mystery Box,3,60,180,0,0,180,Nevada
SS5980,2024-08-31,Naruto Hoodie,1,55,55,0,55,0,Florida
SS5981,2024-08-31,Naruto Hoodie,3,55,165,0,0,165,Missouri
SS5982,2024-08-31,Anime Mystery Box,1,60,60,8.34,0,51.66,Texas
SS5983,2024-09-01,Demon Slayer Poster,2,15,30,5.36,0,24.64,Texas
SS5984,2024-09-01,Anime Mystery Box,3,60,180,11.52,0,168.48,Washington
SS5985,2024-09-01,Anime Mystery Box,2,60,120,0,0,120,Texas
SS5986,2024-09-01,Anime Mystery Box,2,60,120,0,0,120,Florida
SS5987,2024-09-01,Attack on Titan T-Shirt,2,28,56,11.08,0,44.92,Indiana
SS5988,2024-09-01,Naruto Hoodie,3,55,165,0,0,165,New Jersey
SS5989,2024-09-01,Naruto Hoodie,1,55,55,0,0,55,Missouri
SS5990,2024-09-01,Attack on Titan T-Shirt,2,28,56,0,0,56,Virginia
SS5991,2024-09-01,My Hero Academia Backpack,2,48,96,0,0,96,Ohio
SS5992,2024-09-01,Anime Mystery Box,2,60,120,18.06,0,101.94,Massachusetts
SS5993,2024-09-01,Demon Slayer Poster,2,15,30,2.83,0,27.17,Massachusetts
SS5994,2024-09-01,Anime Mystery Box,3,60,180,0,0,180,Illinois
SS5995,2024-09-01,Attack on Titan T-Shirt,1,28,28,2.97,0,25.03,Florida
SS5996,2024-09-01,Naruto Hoodie,1,55,55,0,55,0,Pennsylvania
SS5997,2024-09-02,Anime Mystery Box,1,60,60,6.01,0,53.99,California
SS5998,2024-09-02,One Piece Figure,2,35,70,0,0,70,Texas
SS5999,2024-09-02,Jujutsu Kaisen Keychain,3,8,24,1.59,0,22.41,Florida
SS6000,2024-09-02,Jujutsu Kaisen Keychain,2,8,16,0,0,16,Indiana
SS6001,2024-09-02,Naruto Hoodie,3,55,165,0,0,165,Pennsylvania
SS6002,2024-09-02,Dragon Ball Z Hat,1,22,22,1.84,0,20.16,Washington
SS6003,2024-09-02,Naruto Hoodie,3,55,165,0,0,165,Arizona
SS6004,2024-09-02,Attack on Titan T-Shirt,3,28,84,0,0,84,New Jersey
SS6005,2024-09-02,Naruto Hoodie,2,55,110,0,110,0,Missouri
SS6006,2024-09-02,Anime Mystery Box,2,60,120,19.5,0,100.5,Florida
SS6007,2024-09-03,Anime Mystery Box,1,60,60,0,0,60,Texas
SS6008,2024-09-03,Jujutsu Kaisen Keychain,3,8,24,0,0,24,California
SS6009,2024-09-03,Anime Mystery Box,3,60,180,0,0,180,North Carolina
SS6010,2024-09-03,Naruto Hoodie,1,55,55,0,0,55,California
SS6011,2024-09-03,Jujutsu Kaisen Keychain,1,8,8,0,0,8,California
SS6012,2024-09-03,Naruto Hoodie,1,55,55,0,0,55,New Jersey
SS6013,2024-09-03,Demon Slayer Poster,2,15,30,4.94,0,25.06,Texas
SS6014,2024-09-03,Demon Slayer Poster,3,15,45,0,0,45,Florida
SS6015,2024-09-03,Dragon Ball Z Hat,1,22,22,1.76,0,20.24,Florida
SS6016,2024-09-03,Naruto Hoodie,2,55,110,0,0,110,Texas
SS6017,2024-09-03,Naruto Hoodie,2,55,110,0,0,110,Texas
SS6018,2024-09-03,Anime Mystery Box,3,60,180,0,0,180,Florida
SS6019,2024-09-03,Naruto Hoodie,2,55,110,0,0,110,Florida
SS6020,2024-09-03,Anime Mystery Box,2,60,120,0,0,120,Texas
SS6021,2024-09-03,Dragon Ball Z Hat,2,22,44,0,0,44,Texas
SS6022,2024-09-03,Demon Slayer Poster,3,15,45,0,0,45,Tennessee
SS6023,2024-09-03,Anime Mystery Box,3,60,180,24.34,0,155.66,New York
SS6024,2024-09-04,Naruto Hoodie,3,55,165,0,0,165,Illinois
SS6025,2024-09-04,Naruto Hoodie,2,55,110,14.53,0,95.47,Florida
SS6026,2024-09-04,Naruto Hoodie,3,55,165,0,0,165,California
SS6027,2024-09-04,Anime Mystery Box,2,60,120,10.55,109.45,0,California
SS6028,2024-09-04,Naruto Hoodie,3,55,165,11.36,0,153.64,Florida
SS6029,2024-09-04,Anime Mystery Box,1,60,60,0,0,60,New Jersey
SS6030,2024-09-04,My Hero Academia Backpack,3,48,144,0,0,144,Florida
SS6031,2024-09-04,Demon Slayer Poster,3,15,45,0,0,45,Texas
SS6032,2024-09-04,Dragon Ball Z Hat,3,22,66,0,0,66,Texas
SS6033,2024-09-05,Attack on Titan T-Shirt,1,28,28,0,28,0,Florida
SS6034,2024-09-05,Anime Mystery Box,1,60,60,0,0,60,Missouri
SS6035,2024-09-05,Naruto Hoodie,1,55,55,0,0,55,New Jersey
SS6036,2024-09-05,Anime Mystery Box,1,60,60,0,0,60,California
SS6037,2024-09-05,Anime Mystery Box,1,60,60,0,0,60,Pennsylvania
SS6038,2024-09-05,Anime Mystery Box,1,60,60,0,0,60,Illinois
SS6039,2024-09-05,Naruto Hoodie,2,55,110,0,0,110,California
SS6040,2024-09-05,Anime Mystery Box,1,60,60,6.09,0,53.91,Florida
SS6041,2024-09-05,Jujutsu Kaisen Keychain,3,8,24,0,0,24,Florida
SS6042,2024-09-05,Demon Slayer Poster,1,15,15,2.25,0,12.75,Florida
SS6043,2024-09-06,Naruto Hoodie,2,55,110,0,0,110,Tennessee
SS6044,2024-09-06,Naruto Hoodie,3,55,165,0,0,165,Tennessee
SS6045,2024-09-06,Demon Slayer Poster,1,15,15,0,0,15,Nevada
SS6046,2024-09-06,My Hero Academia Backpack,3,48,144,0,0,144,California
SS6047,2024-09-06,Naruto Hoodie,1,55,55,0,0,55,California
SS6048,2024-09-06,Jujutsu Kaisen Keychain,1,8,8,1.18,0,6.82,Florida
SS6049,2024-09-06,Dragon Ball Z Hat,2,22,44,0,44,0,Illinois
SS6050,2024-09-06,Anime Mystery Box,1,60,60,0,0,60,New York
SS6051,2024-09-06,Attack on Titan T-Shirt,2,28,56,0,0,56,Texas
SS6052,2024-09-07,Demon Slayer Poster,3,15,45,0,45,0,Texas
SS6053,2024-09-07,Jujutsu Kaisen Keychain,3,8,24,0,0,24,California
SS6054,2024-09-07,Naruto Hoodie,2,55,110,0,0,110,Florida
SS6055,2024-09-07,One Piece Figure,2,35,70,0,0,70,Texas
SS6056,2024-09-07,Naruto Hoodie,2,55,110,10.97,0,99.03,Texas
SS6057,2024-09-07,Anime Mystery Box,1,60,60,0,0,60,New York
SS6058,2024-09-08,Naruto Hoodie,1,55,55,4.67,0,50.33,California
SS6059,2024-09-08,Naruto Hoodie,3,55,165,0,0,165,Colorado
SS6060,2024-09-08,Anime Mystery Box,3,60,180,0,0,180,Florida
SS6061,2024-09-08,Anime Mystery Box,1,60,60,8.05,0,51.95,Georgia
SS6062,2024-09-08,Anime Mystery Box,3,60,180,13.34,0,166.66,Washington
SS6063,2024-09-08,Anime Mystery Box,1,60,60,0,0,60,Texas
SS6064,2024-09-08,Anime Mystery Box,1,60,60,0,0,60,Florida
SS6065,2024-09-08,One Piece Figure,3,35,105,18.43,0,86.57,Massachusetts
SS6066,2024-09-08,Naruto Hoodie,3,55,165,0,0,165,California
SS6067,2024-09-08,Jujutsu Kaisen Keychain,2,8,16,0,0,16,California
SS6068,2024-09-08,Naruto Hoodie,2,55,110,14.69,0,95.31,Ohio
SS6069,2024-09-08,Naruto Hoodie,1,55,55,3.21,0,51.79,North Carolina
SS6070,2024-09-08,Anime Mystery Box,3,60,180,0,180,0,Texas
SS6071,2024-09-08,Anime Mystery Box,2,60,120,0,0,120,Florida
SS6072,2024-09-08,One Piece Figure,1,35,35,0,0,35,Texas
SS6073,2024-09-09,One Piece Figure,3,35,105,0,0,105,California
SS6074,2024-09-09,Demon Slayer Poster,2,15,30,0,0,30,Ohio
SS6075,2024-09-09,Naruto Hoodie,2,55,110,11.93,0,98.07,New Jersey
SS6076,2024-09-09,Naruto Hoodie,1,55,55,0,0,55,Florida
SS6077,2024-09-09,My Hero Academia Backpack,2,48,96,0,0,96,Colorado
SS6078,2024-09-09,Jujutsu Kaisen Keychain,3,8,24,0,0,24,Florida
SS6079,2024-09-10,Demon Slayer Poster,2,15,30,0,0,30,Florida
SS6080,2024-09-10,Jujutsu Kaisen Keychain,1,8,8,0,8,0,Michigan
SS6081,2024-09-10,Naruto Hoodie,1,55,55,0,0,55,Virginia
SS6082,2024-09-10,Attack on Titan T-Shirt,2,28,56,8.35,0,47.65,Nevada
SS6083,2024-09-10,Naruto Hoodie,1,55,55,7.74,0,47.26,Florida
SS6084,2024-09-10,Attack on Titan T-Shirt,1,28,28,2.33,0,25.67,Florida
SS6085,2024-09-10,Naruto Hoodie,2,55,110,0,0,110,Tennessee
SS6086,2024-09-10,Demon Slayer Poster,2,15,30,0,0,30,California
SS6087,2024-09-10,One Piece Figure,2,35,70,0,0,70,Washington
SS6088,2024-09-10,My Hero Academia Backpack,2,48,96,0,0,96,Texas
SS6089,2024-09-11,Anime Mystery Box,1,60,60,8.46,0,51.54,Pennsylvania
SS6090,2024-09-11,One Piece Figure,1,35,35,0,0,35,California
SS6091,2024-09-11,Anime Mystery Box,2,60,120,0,0,120,Florida
SS6092,2024-09-11,Anime Mystery Box,1,60,60,0,60,0,Washington
SS6093,2024-09-11,One Piece Figure,1,35,35,0,0,35,Michigan
SS6094,2024-09-11,Naruto Hoodie,1,55,55,0,55,0,Florida
SS6095,2024-09-11,Demon Slayer Poster,2,15,30,0,0,30,Texas
SS6096,2024-09-11,Naruto Hoodie,3,55,165,0,0,165,Massachusetts
SS6097,2024-09-11,Naruto Hoodie,1,55,55,0,0,55,Missouri
SS6098,2024-09-11,Anime Mystery Box,3,60,180,0,0,180,Texas
SS6099,2024-09-11,Jujutsu Kaisen Keychain,2,8,16,0,0,16,Texas
SS6100,2024-09-12,My Hero Academia Backpack,1,48,48,0,0,48,New Jersey
SS6101,2024-09-12,Naruto Hoodie,3,55,165,0,0,165,Texas
SS6102,2024-09-12,Anime Mystery Box,2,60,120,13.09,0,106.91,Missouri
SS6103,2024-09-12,Dragon Ball Z Hat,2,22,44,2.7,0,41.3,California
SS6104,2024-09-12,Naruto Hoodie,1,55,55,0,0,55,Florida
SS6105,2024-09-12,Naruto Hoodie,1,55,55,0,0,55,Texas
SS6106,2024-09-12,Naruto Hoodie,3,55,165,0,165,0,California
SS6107,2024-09-12,Anime Mystery Box,1,60,60,7.51,0,52.49,Texas
SS6108,2024-09-12,Naruto Hoodie,1,55,55,0,0,55,California
SS6109,2024-09-12,Dragon Ball Z Hat,3,22,66,0,0,66,Arizona
SS6110,2024-09-12,Attack on Titan T-Shirt,2,28,56,0,0,56,Texas
SS6111,2024-09-12,Anime Mystery Box,1,60,60,0,0,60,Michigan
SS6112,2024-09-12,Anime Mystery Box,3,60,180,14.79,165.21,0,California
SS6113,2024-09-12,Anime Mystery Box,3,60,180,0,0,180,Georgia
SS6114,2024-09-13,Anime Mystery Box,3,60,180,0,0,180,Texas
SS6115,2024-09-13,Anime Mystery Box,1,60,60,0,0,60,North Carolina
SS6116,2024-09-13,Naruto Hoodie,1,55,55,9.62,0,45.38,California
SS6117,2024-09-13,Naruto Hoodie,3,55,165,0,0,165,California
SS6118,2024-09-13,My Hero Academia Backpack,1,48,48,0,0,48,Georgia
SS6119,2024-09-13,Jujutsu Kaisen Keychain,2,8,16,0,0,16,Massachusetts
SS6120,2024-09-13,Naruto Hoodie,3,55,165,22.49,0,142.51,Florida
SS6121,2024-09-13,One Piece Figure,2,35,70,0,0,70,North Carolina
SS6122,2024-09-13,Naruto Hoodie,3,55,165,0,0,165,Florida
SS6123,2024-09-13,One Piece Figure,3,35,105,0,0,105,Massachusetts
SS6124,2024-09-13,Dragon Ball Z Hat,1,22,22,0,0,22,California
SS6125,2024-09-13,Anime Mystery Box,1,60,60,0,0,60,California
SS6126,2024-09-13,Anime Mystery Box,1,60,60,0,0,60,Florida
SS6127,2024-09-13,Anime Mystery Box,3,60,180,0,0,180,Florida
SS6128,2024-09-13,Anime Mystery Box,1,60,60,0,60,0,Missouri
SS6129,2024-09-14,Anime Mystery Box,1,60,60,0,0,60,California
SS6130,2024-09-14,Naruto Hoodie,1,55,55,4.81,0,50.19,Texas
SS6131,2024-09-14,Demon Slayer Poster,1,15,15,0,0,15,Texas
SS6132,2024-09-14,Demon Slayer Poster,2,15,30,0,0,30,California
SS6133,2024-09-14,Attack on Titan T-Shirt,2,28,56,0,0,56,Texas
SS6134,2024-09-14,Anime Mystery Box,3,60,180,0,0,180,Georgia
SS6135,2024-09-15,Anime Mystery Box,1,60,60,0,0,60,California
SS6136,2024-09-15,Demon Slayer Poster,2,15,30,0,0,30,Arizona
SS6137,2024-09-15,My Hero Academia Backpack,1,48,48,0,0,48,Massachusetts
SS6138,2024-09-15,Naruto Hoodie,2,55,110,0,0,110,Texas
SS6139,2024-09-15,Attack on Titan T-Shirt,1,28,28,0,0,28,Texas
SS6140,2024-09-15,Naruto Hoodie,3,55,165,0,0,165,Florida
SS6141,2024-09-15,Anime Mystery Box,1,60,60,3.22,0,56.78,California
SS6142,2024-09-15,Naruto Hoodie,1,55,55,0,0,55,Florida
SS6143,2024-09-15,One Piece Figure,1,35,35,0,0,35,Florida
SS6144,2024-09-15,One Piece Figure,1,35,35,0,0,35,Texas
SS6145,2024-09-15,One Piece Figure,3,35,105,16.74,0,88.26,Massachusetts
SS6146,2024-09-15,Naruto Hoodie,1,55,55,0,0,55,California
SS6147,2024-09-15,Jujutsu Kaisen Keychain,1,8,8,1.53,0,6.47,Indiana
SS6148,2024-09-15,Naruto Hoodie,2,55,110,0,0,110,North Carolina
SS6149,2024-09-15,Naruto Hoodie,2,55,110,0,0,110,Florida
SS6150,2024-09-15,Jujutsu Kaisen Keychain,1,8,8,0,0,8,California
SS6151,2024-09-16,My Hero Academia Backpack,1,48,48,0,0,48,Florida
SS6152,2024-09-16,Naruto Hoodie,2,55,110,0,0,110,Florida
SS6153,2024-09-16,One Piece Figure,1,35,35,4.22,0,30.78,New York
SS6154,2024-09-16,Anime Mystery Box,3,60,180,0,0,180,Texas
SS6155,2024-09-16,Anime Mystery Box,1,60,60,0,0,60,New York
SS6156,2024-09-16,Naruto Hoodie,1,55,55,0,0,55,California
SS6157,2024-09-16,Naruto Hoodie,1,55,55,0,0,55,Texas
SS6158,2024-09-16,Dragon Ball Z Hat,1,22,22,0,0,22,Georgia
SS6159,2024-09-16,Naruto Hoodie,3,55,165,0,0,165,Texas
SS6160,2024-09-16,Anime Mystery Box,1,60,60,0,0,60,Texas
SS6161,2024-09-16,Anime Mystery Box,1,60,60,0,0,60,Georgia
SS6162,2024-09-16,Naruto Hoodie,2,55,110,7.55,0,102.45,Michigan
SS6163,2024-09-16,Anime Mystery Box,1,60,60,0,60,0,Virginia
SS6164,2024-09-16,Anime Mystery Box,1,60,60,9.43,0,50.57,Tennessee
SS6165,2024-09-16,Naruto Hoodie,2,55,110,0,0,110,North Carolina
SS6166,2024-09-16,Naruto Hoodie,3,55,165,0,0,165,Texas
SS6167,2024-09-16,Dragon Ball Z Hat,3,22,66,0,0,66,Texas
SS6168,2024-09-17,Naruto Hoodie,3,55,165,0,0,165,California
SS6169,2024-09-17,Naruto Hoodie,3,55,165,0,0,165,Florida
SS6170,2024-09-17,Naruto Hoodie,3,55,165,0,0,165,California
SS6171,2024-09-17,My Hero Academia Backpack,2,48,96,0,0,96,Texas
SS6172,2024-09-17,Demon Slayer Poster,2,15,30,0,0,30,Texas
SS6173,2024-09-17,My Hero Academia Backpack,2,48,96,0,0,96,Pennsylvania
SS6174,2024-09-17,Attack on Titan T-Shirt,3,28,84,7.42,0,76.58,Texas
SS6175,2024-09-17,Attack on Titan T-Shirt,2,28,56,0,0,56,Colorado
SS6176,2024-09-17,Anime Mystery Box,1,60,60,0,0,60,Indiana
SS6177,2024-09-17,One Piece Figure,3,35,105,0,0,105,Texas
SS6178,2024-09-17,Anime Mystery Box,3,60,180,0,0,180,Texas
SS6179,2024-09-17,One Piece Figure,3,35,105,0,0,105,Florida
SS6180,2024-09-17,Anime Mystery Box,1,60,60,0,0,60,Florida
SS6181,2024-09-17,Naruto Hoodie,1,55,55,0,0,55,California
SS6182,2024-09-18,Anime Mystery Box,3,60,180,28.39,0,151.61,Florida
SS6183,2024-09-18,One Piece Figure,2,35,70,0,0,70,Florida
SS6184,2024-09-18,Jujutsu Kaisen Keychain,1,8,8,0,0,8,Florida
SS6185,2024-09-18,Naruto Hoodie,2,55,110,0,0,110,Tennessee
SS6186,2024-09-18,Dragon Ball Z Hat,2,22,44,0,0,44,New York
SS6187,2024-09-18,Dragon Ball Z Hat,1,22,22,0,0,22,California
SS6188,2024-09-18,Anime Mystery Box,1,60,60,0,60,0,Missouri
SS6189,2024-09-18,Naruto Hoodie,1,55,55,0,0,55,New Jersey
SS6190,2024-09-18,Anime Mystery Box,3,60,180,29.44,0,150.56,California
SS6191,2024-09-18,Anime Mystery Box,3,60,180,0,0,180,Georgia
SS6192,2024-09-18,Demon Slayer Poster,3,15,45,0,0,45,New York
SS6193,2024-09-18,Anime Mystery Box,1,60,60,0,0,60,Indiana
SS6194,2024-09-18,Jujutsu Kaisen Keychain,3,8,24,0,0,24,Arizona
SS6195,2024-09-18,Anime Mystery Box,1,60,60,0,0,60,Florida
SS6196,2024-09-18,Anime Mystery Box,2,60,120,0,0,120,Arizona
SS6197,2024-09-18,Anime Mystery Box,1,60,60,5.23,0,54.77,Missouri
SS6198,2024-09-19,Naruto Hoodie,3,55,165,0,0,165,California
SS6199,2024-09-19,Jujutsu Kaisen Keychain,3,8,24,3.75,0,20.25,Indiana
SS6200,2024-09-19,Jujutsu Kaisen Keychain,3,8,24,0,0,24,Illinois
SS6201,2024-09-19,Dragon Ball Z Hat,2,22,44,0,0,44,California
SS6202,2024-09-19,One Piece Figure,3,35,105,0,0,105,Texas
SS6203,2024-09-19,Naruto Hoodie,3,55,165,0,0,165,North Carolina
SS6204,2024-09-19,Naruto Hoodie,1,55,55,0,0,55,Texas
SS6205,2024-09-19,Naruto Hoodie,2,55,110,0,0,110,North Carolina
SS6206,2024-09-20,Naruto Hoodie,3,55,165,0,0,165,Ohio
SS6207,2024-09-20,Naruto Hoodie,1,55,55,0,0,55,Florida
SS6208,2024-09-20,Naruto Hoodie,3,55,165,0,0,165,Texas
SS6209,2024-09-20,Naruto Hoodie,3,55,165,0,0,165,Massachusetts
SS6210,2024-09-20,Anime Mystery Box,3,60,180,22.37,0,157.63,Texas
SS6211,2024-09-20,Jujutsu Kaisen Keychain,3,8,24,2.69,0,21.31,Colorado
SS6212,2024-09-20,Attack on Titan T-Shirt,1,28,28,1.86,0,26.14,Missouri
SS6213,2024-09-20,Anime Mystery Box,3,60,180,0,0,180,Florida
SS6214,2024-09-20,Dragon Ball Z Hat,3,22,66,0,0,66,North Carolina
SS6215,2024-09-20,Naruto Hoodie,2,55,110,0,0,110,California
SS6216,2024-09-20,My Hero Academia Backpack,2,48,96,0,0,96,California
SS6217,2024-09-20,Demon Slayer Poster,1,15,15,2.9,0,12.1,Texas
SS6218,2024-09-20,Anime Mystery Box,1,60,60,0,0,60,Texas
SS6219,2024-09-20,Attack on Titan T-Shirt,3,28,84,0,0,84,Texas
SS6220,2024-09-20,Anime Mystery Box,2,60,120,0,0,120,California
SS6221,2024-09-20,Anime Mystery Box,3,60,180,0,0,180,Texas
SS6222,2024-09-21,Naruto Hoodie,3,55,165,29.33,135.67,0,California
SS6223,2024-09-21,Anime Mystery Box,3,60,180,0,0,180,California
SS6224,2024-09-21,Anime Mystery Box,3,60,180,0,0,180,Tennessee
SS6225,2024-09-21,Naruto Hoodie,2,55,110,9.53,0,100.47,Nevada
SS6226,2024-09-21,Jujutsu Kaisen Keychain,2,8,16,0,0,16,Texas
SS6227,2024-09-21,Anime Mystery Box,3,60,180,16.08,0,163.92,New York
SS6228,2024-09-21,Dragon Ball Z Hat,1,22,22,1.78,0,20.22,Massachusetts
SS6229,2024-09-21,My Hero Academia Backpack,1,48,48,2.82,0,45.18,California
SS6230,2024-09-21,Attack on Titan T-Shirt,2,28,56,0,56,0,Florida
SS6231,2024-09-21,One Piece Figure,3,35,105,0,105,0,Ohio
SS6232,2024-09-21,One Piece Figure,1,35,35,2.28,0,32.72,Nevada
SS6233,2024-09-22,Naruto Hoodie,2,55,110,0,0,110,Florida
SS6234,2024-09-22,Naruto Hoodie,1,55,55,0,0,55,Pennsylvania
SS6235,2024-09-22,Naruto Hoodie,3,55,165,18.16,0,146.84,Florida
SS6236,2024-09-22,Demon Slayer Poster,1,15,15,0,0,15,Pennsylvania
SS6237,2024-09-22,Naruto Hoodie,2,55,110,0,0,110,Texas
SS6238,2024-09-22,Attack on Titan T-Shirt,1,28,28,0,0,28,Georgia
SS6239,2024-09-22,Demon Slayer Poster,2,15,30,2.86,0,27.14,New Jersey
SS6240,2024-09-22,Anime Mystery Box,2,60,120,0,0,120,Massachusetts
SS6241,2024-09-22,Demon Slayer Poster,1,15,15,0,0,15,Texas
SS6242,2024-09-22,My Hero Academia Backpack,1,48,48,8.62,0,39.38,Florida
SS6243,2024-09-22,Attack on Titan T-Shirt,2,28,56,0,56,0,Texas
SS6244,2024-09-22,Naruto Hoodie,2,55,110,0,0,110,Arizona
SS6245,2024-09-22,Naruto Hoodie,2,55,110,14.92,0,95.08,Texas
SS6246,2024-09-22,Anime Mystery Box,2,60,120,0,0,120,California
SS6247,2024-09-22,Naruto Hoodie,1,55,55,0,0,55,Nevada
SS6248,2024-09-23,Demon Slayer Poster,1,15,15,0,0,15,Colorado
SS6249,2024-09-23,My Hero Academia Backpack,2,48,96,0,0,96,Texas
SS6250,2024-09-23,Anime Mystery Box,3,60,180,0,180,0,Texas
SS6251,2024-09-23,Naruto Hoodie,1,55,55,0,0,55,Texas
SS6252,2024-09-23,Naruto Hoodie,1,55,55,5.47,0,49.53,California
SS6253,2024-09-23,Dragon Ball Z Hat,1,22,22,0,0,22,Florida
SS6254,2024-09-23,Jujutsu Kaisen Keychain,2,8,16,2.87,0,13.13,Michigan
SS6255,2024-09-24,Anime Mystery Box,3,60,180,0,0,180,Pennsylvania
SS6256,2024-09-24,Naruto Hoodie,3,55,165,0,0,165,Texas
SS6257,2024-09-24,Anime Mystery Box,3,60,180,0,0,180,Massachusetts
SS6258,2024-09-24,Naruto Hoodie,1,55,55,0,0,55,Texas
SS6259,2024-09-24,Naruto Hoodie,2,55,110,18.69,0,91.31,California
SS6260,2024-09-24,My Hero Academia Backpack,2,48,96,0,0,96,Michigan
SS6261,2024-09-24,One Piece Figure,3,35,105,0,0,105,Pennsylvania
SS6262,2024-09-24,My Hero Academia Backpack,3,48,144,0,0,144,Texas
SS6263,2024-09-24,Anime Mystery Box,2,60,120,17.67,0,102.33,Nevada
SS6264,2024-09-24,Anime Mystery Box,2,60,120,0,0,120,Texas
SS6265,2024-09-24,Anime Mystery Box,3,60,180,32.04,0,147.96,Nevada
SS6266,2024-09-25,Anime Mystery Box,3,60,180,0,180,0,Florida
SS6267,2024-09-25,Jujutsu Kaisen Keychain,2,8,16,2.62,0,13.38,Florida
SS6268,2024-09-25,Naruto Hoodie,3,55,165,0,0,165,Texas
SS6269,2024-09-25,Demon Slayer Poster,1,15,15,1.66,13.34,0,California
SS6270,2024-09-25,Dragon Ball Z Hat,2,22,44,4.69,0,39.31,Texas
SS6271,2024-09-25,Anime Mystery Box,3,60,180,0,0,180,Missouri
SS6272,2024-09-25,Naruto Hoodie,2,55,110,0,0,110,Arizona
SS6273,2024-09-25,One Piece Figure,2,35,70,0,0,70,Florida
SS6274,2024-09-25,Dragon Ball Z Hat,3,22,66,11.19,0,54.81,Florida
SS6275,2024-09-25,My Hero Academia Backpack,1,48,48,0,0,48,Arizona
SS6276,2024-09-25,Dragon Ball Z Hat,3,22,66,0,0,66,Tennessee
SS6277,2024-09-25,Attack on Titan T-Shirt,3,28,84,4.22,0,79.78,Texas
SS6278,2024-09-25,Anime Mystery Box,3,60,180,0,0,180,Colorado
SS6279,2024-09-25,Demon Slayer Poster,2,15,30,0,0,30,Tennessee
SS6280,2024-09-26,Demon Slayer Poster,2,15,30,1.67,0,28.33,Ohio
SS6281,2024-09-26,Anime Mystery Box,2,60,120,0,120,0,California
SS6282,2024-09-26,Naruto Hoodie,2,55,110,0,110,0,Georgia
SS6283,2024-09-26,Demon Slayer Poster,3,15,45,0,0,45,Florida
SS6284,2024-09-26,Demon Slayer Poster,1,15,15,0,0,15,Ohio
SS6285,2024-09-26,Jujutsu Kaisen Keychain,3,8,24,0,0,24,California
SS6286,2024-09-26,Naruto Hoodie,1,55,55,0,0,55,Colorado
SS6287,2024-09-26,Dragon Ball Z Hat,1,22,22,0,0,22,Washington
SS6288,2024-09-26,Anime Mystery Box,1,60,60,8.44,0,51.56,Tennessee
SS6289,2024-09-27,Anime Mystery Box,1,60,60,0,0,60,California
SS6290,2024-09-27,Anime Mystery Box,3,60,180,0,0,180,Texas
SS6291,2024-09-27,One Piece Figure,2,35,70,0,0,70,Missouri
SS6292,2024-09-27,Anime Mystery Box,1,60,60,0,0,60,California
SS6293,2024-09-27,Anime Mystery Box,1,60,60,0,60,0,Washington
SS6294,2024-09-27,One Piece Figure,1,35,35,0,0,35,Florida
SS6295,2024-09-27,Naruto Hoodie,1,55,55,0,0,55,Indiana
SS6296,2024-09-27,Anime Mystery Box,2,60,120,21.7,0,98.3,California
SS6297,2024-09-27,Jujutsu Kaisen Keychain,3,8,24,2.26,0,21.74,New York
SS6298,2024-09-27,Anime Mystery Box,3,60,180,29.38,0,150.62,Arizona
SS6299,2024-09-27,Attack on Titan T-Shirt,3,28,84,0,0,84,California
SS6300,2024-09-27,Jujutsu Kaisen Keychain,2,8,16,0,0,16,California
SS6301,2024-09-27,Anime Mystery Box,3,60,180,0,0,180,California
SS6302,2024-09-27,Demon Slayer Poster,3,15,45,0,0,45,Michigan
SS6303,2024-09-27,Dragon Ball Z Hat,2,22,44,0,0,44,Texas
SS6304,2024-09-27,Anime Mystery Box,1,60,60,0,0,60,Georgia
SS6305,2024-09-27,My Hero Academia Backpack,1,48,48,0,0,48,Indiana
SS6306,2024-09-27,Attack on Titan T-Shirt,3,28,84,4.53,0,79.47,Texas
SS6307,2024-09-28,Naruto Hoodie,2,55,110,0,0,110,Texas
SS6308,2024-09-28,Naruto Hoodie,3,55,165,0,0,165,Colorado
SS6309,2024-09-28,One Piece Figure,1,35,35,1.85,0,33.15,Florida
SS6310,2024-09-28,Anime Mystery Box,1,60,60,0,60,0,Illinois
SS6311,2024-09-28,Naruto Hoodie,1,55,55,8.06,0,46.94,Florida
SS6312,2024-09-28,Anime Mystery Box,2,60,120,16.08,0,103.92,Texas
SS6313,2024-09-28,Attack on Titan T-Shirt,1,28,28,0,0,28,Virginia
SS6314,2024-09-28,Naruto Hoodie,3,55,165,0,0,165,Indiana
SS6315,2024-09-28,Anime Mystery Box,3,60,180,19.73,0,160.27,Florida
SS6316,2024-09-28,Naruto Hoodie,3,55,165,0,0,165,Nevada
SS6317,2024-09-28,Naruto Hoodie,1,55,55,0,0,55,Florida
SS6318,2024-09-28,One Piece Figure,3,35,105,0,0,105,Texas
SS6319,2024-09-28,Attack on Titan T-Shirt,1,28,28,0,0,28,Texas
SS6320,2024-09-29,Jujutsu Kaisen Keychain,1,8,8,0,0,8,California
SS6321,2024-09-29,Anime Mystery Box,1,60,60,0,0,60,New Jersey
SS6322,2024-09-29,Attack on Titan T-Shirt,1,28,28,0,0,28,Massachusetts
SS6323,2024-09-29,My Hero Academia Backpack,2,48,96,0,0,96,Florida
SS6324,2024-09-29,Naruto Hoodie,1,55,55,0,0,55,Colorado
SS6325,2024-09-29,Anime Mystery Box,2,60,120,0,0,120,Florida
SS6326,2024-09-29,Attack on Titan T-Shirt,3,28,84,0,0,84,Michigan
SS6327,2024-09-29,Anime Mystery Box,2,60,120,15.08,0,104.92,Indiana
SS6328,2024-09-29,Anime Mystery Box,2,60,120,0,0,120,California
SS6329,2024-09-29,Dragon Ball Z Hat,3,22,66,5.32,0,60.68,Tennessee
SS6330,2024-09-29,Jujutsu Kaisen Keychain,3,8,24,0,0,24,Colorado
SS6331,2024-09-29,Naruto Hoodie,2,55,110,0,0,110,California
SS6332,2024-09-30,Anime Mystery Box,1,60,60,0,0,60,Ohio
SS6333,2024-09-30,Naruto Hoodie,2,55,110,0,0,110,Florida
SS6334,2024-09-30,Naruto Hoodie,1,55,55,5.89,0,49.11,Texas
SS6335,2024-09-30,Anime Mystery Box,3,60,180,22.67,0,157.33,California
SS6336,2024-09-30,Jujutsu Kaisen Keychain,1,8,8,0,0,8,Texas
SS6337,2024-09-30,Naruto Hoodie,2,55,110,0,0,110,Florida
SS6338,2024-09-30,One Piece Figure,3,35,105,10.58,0,94.42,Florida
SS6339,2024-09-30,One Piece Figure,1,35,35,0,0,35,California
SS6340,2024-09-30,Naruto Hoodie,2,55,110,19.65,0,90.35,California
SS6341,2024-09-30,Anime Mystery Box,1,60,60,0,0,60,Florida
SS6342,2024-10-01,Dragon Ball Z Hat,2,22,44,5.7,0,38.3,Texas
SS6343,2024-10-01,Anime Mystery Box,3,60,180,0,0,180,Florida
SS6344,2024-10-01,Anime Mystery Box,3,60,180,33.67,0,146.33,California
SS6345,2024-10-01,My Hero Academia Backpack,1,48,48,0,0,48,California
SS6346,2024-10-01,My Hero Academia Backpack,3,48,144,0,0,144,Nevada
SS6347,2024-10-01,Naruto Hoodie,3,55,165,0,165,0,Ohio
SS6348,2024-10-01,Naruto Hoodie,3,55,165,0,0,165,Florida
SS6349,2024-10-01,My Hero Academia Backpack,3,48,144,20.53,0,123.47,California
SS6350,2024-10-01,Anime Mystery Box,3,60,180,0,0,180,Massachusetts
SS6351,2024-10-01,Demon Slayer Poster,2,15,30,3,0,27,Texas
SS6352,2024-10-01,One Piece Figure,1,35,35,0,0,35,California
SS6353,2024-10-02,Anime Mystery Box,1,60,60,0,60,0,Florida
SS6354,2024-10-02,Demon Slayer Poster,1,15,15,0,0,15,Georgia
SS6355,2024-10-02,One Piece Figure,1,35,35,4.4,0,30.6,Florida
SS6356,2024-10-02,Jujutsu Kaisen Keychain,1,8,8,0,0,8,California
SS6357,2024-10-02,Naruto Hoodie,1,55,55,0,0,55,California
SS6358,2024-10-02,Naruto Hoodie,1,55,55,0,0,55,Texas
SS6359,2024-10-02,Anime Mystery Box,2,60,120,7.89,0,112.11,Texas
SS6360,2024-10-02,Anime Mystery Box,1,60,60,4.34,0,55.66,California
SS6361,2024-10-02,Attack on Titan T-Shirt,3,28,84,0,0,84,North Carolina
SS6362,2024-10-02,Anime Mystery Box,3,60,180,0,0,180,Virginia
SS6363,2024-10-02,Anime Mystery Box,3,60,180,0,0,180,California
SS6364,2024-10-02,Naruto Hoodie,3,55,165,24.93,140.07,0,Florida
SS6365,2024-10-02,Anime Mystery Box,1,60,60,0,0,60,Texas
SS6366,2024-10-02,Jujutsu Kaisen Keychain,1,8,8,0,0,8,Nevada
SS6367,2024-10-02,Demon Slayer Poster,1,15,15,1.23,0,13.77,Michigan
SS6368,2024-10-02,Naruto Hoodie,3,55,165,10.89,0,154.11,Missouri
SS6369,2024-10-02,Anime Mystery Box,3,60,180,0,0,180,Texas
SS6370,2024-10-03,Anime Mystery Box,1,60,60,10.6,0,49.4,Texas
SS6371,2024-10-03,Anime Mystery Box,3,60,180,0,0,180,Florida
SS6372,2024-10-03,One Piece Figure,1,35,35,0,0,35,Texas
SS6373,2024-10-03,My Hero Academia Backpack,3,48,144,0,0,144,Florida
SS6374,2024-10-03,One Piece Figure,3,35,105,16.77,0,88.23,Texas
SS6375,2024-10-03,My Hero Academia Backpack,1,48,48,6.05,41.95,0,Texas
SS6376,2024-10-03,Anime Mystery Box,1,60,60,6.68,0,53.32,California
SS6377,2024-10-03,Dragon Ball Z Hat,2,22,44,0,0,44,Texas
SS6378,2024-10-03,Jujutsu Kaisen Keychain,1,8,8,1.4,0,6.6,Florida
SS6379,2024-10-03,My Hero Academia Backpack,2,48,96,0,0,96,California
SS6380,2024-10-03,Naruto Hoodie,2,55,110,0,0,110,California
SS6381,2024-10-03,Anime Mystery Box,1,60,60,0,0,60,Florida
SS6382,2024-10-03,Naruto Hoodie,1,55,55,0,0,55,California
SS6383,2024-10-03,Anime Mystery Box,1,60,60,0,0,60,Nevada
SS6384,2024-10-03,Naruto Hoodie,2,55,110,10.11,0,99.89,Florida
SS6385,2024-10-03,Anime Mystery Box,1,60,60,0,0,60,Arizona
SS6386,2024-10-03,My Hero Academia Backpack,1,48,48,0,0,48,Arizona
SS6387,2024-10-03,Naruto Hoodie,1,55,55,0,0,55,North Carolina
SS6388,2024-10-04,Naruto Hoodie,2,55,110,0,0,110,Colorado
SS6389,2024-10-04,Anime Mystery Box,3,60,180,30.06,0,149.94,Illinois
SS6390,2024-10-04,Naruto Hoodie,3,55,165,0,0,165,Washington
SS6391,2024-10-04,Naruto Hoodie,3,55,165,0,0,165,Pennsylvania
SS6392,2024-10-04,My Hero Academia Backpack,3,48,144,0,0,144,Texas
SS6393,2024-10-04,Jujutsu Kaisen Keychain,1,8,8,0,0,8,Texas
SS6394,2024-10-04,Naruto Hoodie,3,55,165,0,0,165,Florida
SS6395,2024-10-04,Anime Mystery Box,3,60,180,14.56,0,165.44,Virginia
SS6396,2024-10-04,Anime Mystery Box,2,60,120,0,0,120,Texas
SS6397,2024-10-04,Anime Mystery Box,3,60,180,0,0,180,Texas
SS6398,2024-10-04,Anime Mystery Box,3,60,180,0,0,180,Illinois
SS6399,2024-10-04,Naruto Hoodie,1,55,55,0,0,55,Virginia
SS6400,2024-10-05,Anime Mystery Box,1,60,60,0,0,60,California
SS6401,2024-10-05,Demon Slayer Poster,2,15,30,0,0,30,Texas
SS6402,2024-10-05,Anime Mystery Box,2,60,120,0,0,120,Florida
SS6403,2024-10-05,Anime Mystery Box,3,60,180,0,0,180,Texas
SS6404,2024-10-05,Demon Slayer Poster,1,15,15,0,0,15,Tennessee
SS6405,2024-10-05,Anime Mystery Box,2,60,120,0,0,120,Tennessee
SS6406,2024-10-05,Naruto Hoodie,3,55,165,0,0,165,Texas
SS6407,2024-10-05,Naruto Hoodie,2,55,110,0,0,110,California
SS6408,2024-10-05,My Hero Academia Backpack,3,48,144,0,0,144,Michigan
SS6409,2024-10-05,Jujutsu Kaisen Keychain,2,8,16,0,0,16,California
SS6410,2024-10-05,Naruto Hoodie,1,55,55,0,0,55,California
SS6411,2024-10-05,Anime Mystery Box,3,60,180,27.34,0,152.66,Florida
SS6412,2024-10-05,Naruto Hoodie,1,55,55,3.39,0,51.61,Texas
SS6413,2024-10-05,Dragon Ball Z Hat,3,22,66,9.08,0,56.92,Massachusetts
SS6414,2024-10-05,Demon Slayer Poster,3,15,45,0,0,45,Florida
SS6415,2024-10-05,Attack on Titan T-Shirt,1,28,28,1.69,0,26.31,Washington
SS6416,2024-10-06,Jujutsu Kaisen Keychain,1,8,8,0,8,0,Texas
SS6417,2024-10-06,Demon Slayer Poster,2,15,30,0,0,30,Pennsylvania
SS6418,2024-10-06,One Piece Figure,1,35,35,0,0,35,Texas
SS6419,2024-10-06,Dragon Ball Z Hat,1,22,22,0,0,22,Texas
SS6420,2024-10-06,Demon Slayer Poster,2,15,30,0,0,30,Texas
SS6421,2024-10-06,Anime Mystery Box,2,60,120,0,0,120,Texas
SS6422,2024-10-06,Naruto Hoodie,1,55,55,0,0,55,Michigan
SS6423,2024-10-06,Naruto Hoodie,3,55,165,0,0,165,Colorado
SS6424,2024-10-06,My Hero Academia Backpack,2,48,96,0,0,96,Florida
SS6425,2024-10-06,Anime Mystery Box,1,60,60,0,0,60,Texas
SS6426,2024-10-06,Anime Mystery Box,1,60,60,0,0,60,Washington
SS6427,2024-10-06,Anime Mystery Box,1,60,60,0,0,60,California
SS6428,2024-10-06,Anime Mystery Box,2,60,120,0,0,120,Florida
SS6429,2024-10-06,Anime Mystery Box,3,60,180,0,0,180,Texas
SS6430,2024-10-07,Naruto Hoodie,2,55,110,10.11,0,99.89,Texas
SS6431,2024-10-07,One Piece Figure,1,35,35,0,0,35,Texas
SS6432,2024-10-07,My Hero Academia Backpack,1,48,48,7.66,0,40.34,Tennessee
SS6433,2024-10-07,Naruto Hoodie,2,55,110,0,0,110,Florida
SS6434,2024-10-07,Anime Mystery Box,1,60,60,0,0,60,Florida
SS6435,2024-10-07,Jujutsu Kaisen Keychain,2,8,16,0,0,16,Texas
SS6436,2024-10-07,Anime Mystery Box,1,60,60,0,0,60,Michigan
SS6437,2024-10-07,My Hero Academia Backpack,2,48,96,16.26,0,79.74,Texas
SS6438,2024-10-07,Anime Mystery Box,1,60,60,0,0,60,California
SS6439,2024-10-07,Attack on Titan T-Shirt,1,28,28,0,0,28,Florida
SS6440,2024-10-07,My Hero Academia Backpack,1,48,48,0,0,48,Texas
SS6441,2024-10-07,One Piece Figure,3,35,105,0,0,105,California
SS6442,2024-10-07,Naruto Hoodie,3,55,165,0,0,165,Michigan
SS6443,2024-10-07,Anime Mystery Box,2,60,120,17.8,0,102.2,California
SS6444,2024-10-07,Naruto Hoodie,2,55,110,10.56,0,99.44,Texas
SS6445,2024-10-08,Anime Mystery Box,3,60,180,34.98,0,145.02,Michigan
SS6446,2024-10-08,Naruto Hoodie,3,55,165,29.82,0,135.18,California
SS6447,2024-10-08,My Hero Academia Backpack,1,48,48,3.16,0,44.84,Colorado
SS6448,2024-10-08,Anime Mystery Box,3,60,180,19.63,0,160.37,Arizona
SS6449,2024-10-08,Dragon Ball Z Hat,2,22,44,0,44,0,Indiana
SS6450,2024-10-08,Naruto Hoodie,2,55,110,10.11,0,99.89,Florida
SS6451,2024-10-08,One Piece Figure,3,35,105,0,0,105,Texas
SS6452,2024-10-08,One Piece Figure,1,35,35,0,0,35,Michigan
SS6453,2024-10-08,Dragon Ball Z Hat,2,22,44,0,44,0,California
SS6454,2024-10-08,Naruto Hoodie,3,55,165,0,0,165,Indiana
SS6455,2024-10-08,Jujutsu Kaisen Keychain,3,8,24,4.67,0,19.33,California
SS6456,2024-10-08,Naruto Hoodie,2,55,110,0,0,110,Texas
SS6457,2024-10-08,My Hero Academia Backpack,3,48,144,0,0,144,Florida
SS6458,2024-10-08,Jujutsu Kaisen Keychain,1,8,8,1.03,0,6.97,Texas
SS6459,2024-10-09,Dragon Ball Z Hat,2,22,44,0,0,44,California
SS6460,2024-10-09,Anime Mystery Box,2,60,120,0,0,120,Texas
SS6461,2024-10-09,Attack on Titan T-Shirt,1,28,28,4.83,0,23.17,Texas
SS6462,2024-10-09,Demon Slayer Poster,1,15,15,0,0,15,Nevada
SS6463,2024-10-09,Demon Slayer Poster,3,15,45,5.03,0,39.97,Michigan
SS6464,2024-10-09,Dragon Ball Z Hat,3,22,66,0,0,66,Florida
SS6465,2024-10-09,Naruto Hoodie,1,55,55,0,0,55,Ohio
SS6466,2024-10-09,Anime Mystery Box,2,60,120,0,120,0,Texas
SS6467,2024-10-09,Anime Mystery Box,3,60,180,0,0,180,Texas
SS6468,2024-10-09,My Hero Academia Backpack,1,48,48,0,0,48,Texas
SS6469,2024-10-09,Anime Mystery Box,2,60,120,0,0,120,California
SS6470,2024-10-09,Anime Mystery Box,3,60,180,0,0,180,Texas
SS6471,2024-10-09,One Piece Figure,3,35,105,0,0,105,Texas
SS6472,2024-10-09,Naruto Hoodie,1,55,55,0,0,55,Florida
SS6473,2024-10-10,Naruto Hoodie,2,55,110,0,0,110,California
SS6474,2024-10-10,Jujutsu Kaisen Keychain,1,8,8,1.25,0,6.75,California
SS6475,2024-10-10,Anime Mystery Box,3,60,180,26.71,0,153.29,Texas
SS6476,2024-10-10,Demon Slayer Poster,1,15,15,0,0,15,Florida
SS6477,2024-10-10,Anime Mystery Box,2,60,120,0,0,120,Georgia
SS6478,2024-10-10,Anime Mystery Box,3,60,180,0,0,180,Florida
SS6479,2024-10-10,Naruto Hoodie,2,55,110,0,0,110,Colorado
SS6480,2024-10-10,Naruto Hoodie,2,55,110,19.2,0,90.8,Washington
SS6481,2024-10-10,My Hero Academia Backpack,3,48,144,0,0,144,California
SS6482,2024-10-10,Naruto Hoodie,3,55,165,0,0,165,California
SS6483,2024-10-10,Anime Mystery Box,2,60,120,0,0,120,Washington
SS6484,2024-10-10,Anime Mystery Box,3,60,180,0,0,180,Texas
SS6485,2024-10-11,Anime Mystery Box,3,60,180,28.55,151.45,0,Ohio
SS6486,2024-10-11,Naruto Hoodie,2,55,110,0,0,110,Pennsylvania
SS6487,2024-10-11,Naruto Hoodie,3,55,165,0,0,165,Texas
SS6488,2024-10-11,My Hero Academia Backpack,2,48,96,0,0,96,Texas
SS6489,2024-10-11,Naruto Hoodie,2,55,110,0,110,0,Georgia
SS6490,2024-10-11,Jujutsu Kaisen Keychain,3,8,24,0,0,24,California
SS6491,2024-10-11,Anime Mystery Box,1,60,60,8.92,0,51.08,Tennessee
SS6492,2024-10-11,Anime Mystery Box,1,60,60,0,0,60,California
SS6493,2024-10-11,My Hero Academia Backpack,1,48,48,0,0,48,Florida
SS6494,2024-10-11,Anime Mystery Box,3,60,180,19.45,0,160.55,California
SS6495,2024-10-11,Dragon Ball Z Hat,3,22,66,0,0,66,Nevada
SS6496,2024-10-11,My Hero Academia Backpack,2,48,96,0,0,96,Ohio
SS6497,2024-10-11,Dragon Ball Z Hat,1,22,22,2.98,0,19.02,Texas
SS6498,2024-10-12,Naruto Hoodie,1,55,55,0,0,55,Missouri
SS6499,2024-10-12,Demon Slayer Poster,3,15,45,0,0,45,Texas
SS6500,2024-10-12,Naruto Hoodie,1,55,55,0,0,55,Texas
SS6501,2024-10-12,Anime Mystery Box,3,60,180,35.83,0,144.17,California
SS6502,2024-10-12,Demon Slayer Poster,2,15,30,0,0,30,Arizona
SS6503,2024-10-12,Anime Mystery Box,1,60,60,0,0,60,New Jersey
SS6504,2024-10-12,Anime Mystery Box,3,60,180,0,180,0,New Jersey
SS6505,2024-10-12,One Piece Figure,1,35,35,0,0,35,Indiana
SS6506,2024-10-12,Anime Mystery Box,3,60,180,0,0,180,Texas
SS6507,2024-10-12,Demon Slayer Poster,2,15,30,4.09,0,25.91,California
SS6508,2024-10-12,Naruto Hoodie,3,55,165,15.49,0,149.51,Texas
SS6509,2024-10-12,One Piece Figure,2,35,70,0,0,70,Colorado
SS6510,2024-10-12,Dragon Ball Z Hat,1,22,22,0,0,22,Florida
SS6511,2024-10-12,Anime Mystery Box,2,60,120,12.34,0,107.66,Texas
SS6512,2024-10-12,Attack on Titan T-Shirt,3,28,84,0,0,84,Texas
SS6513,2024-10-12,One Piece Figure,3,35,105,19.49,0,85.51,Texas
SS6514,2024-10-12,Anime Mystery Box,2,60,120,0,0,120,Virginia
SS6515,2024-10-12,Anime Mystery Box,2,60,120,14.58,0,105.42,California
SS6516,2024-10-13,Naruto Hoodie,2,55,110,0,0,110,Florida
SS6517,2024-10-13,Jujutsu Kaisen Keychain,1,8,8,0,0,8,Florida
SS6518,2024-10-13,Dragon Ball Z Hat,1,22,22,0,0,22,California
SS6519,2024-10-13,Anime Mystery Box,3,60,180,0,180,0,California
SS6520,2024-10-13,Naruto Hoodie,1,55,55,0,0,55,California
SS6521,2024-10-13,Naruto Hoodie,2,55,110,15.93,0,94.07,Texas
SS6522,2024-10-13,Naruto Hoodie,3,55,165,0,0,165,Florida
SS6523,2024-10-13,Jujutsu Kaisen Keychain,1,8,8,0,0,8,California
SS6524,2024-10-13,Naruto Hoodie,2,55,110,6.93,0,103.07,Virginia
SS6525,2024-10-14,Naruto Hoodie,2,55,110,0,0,110,Texas
SS6526,2024-10-14,Jujutsu Kaisen Keychain,3,8,24,2.42,0,21.58,Florida
SS6527,2024-10-14,Attack on Titan T-Shirt,1,28,28,0,28,0,Texas
SS6528,2024-10-14,Naruto Hoodie,2,55,110,0,0,110,Indiana
SS6529,2024-10-14,Anime Mystery Box,1,60,60,5.86,0,54.14,New Jersey
SS6530,2024-10-14,Naruto Hoodie,1,55,55,0,0,55,Texas
SS6531,2024-10-14,Attack on Titan T-Shirt,3,28,84,0,0,84,California
SS6532,2024-10-14,Attack on Titan T-Shirt,3,28,84,0,0,84,Tennessee
SS6533,2024-10-14,My Hero Academia Backpack,3,48,144,9.31,0,134.69,Indiana
SS6534,2024-10-15,Demon Slayer Poster,1,15,15,0,0,15,Florida
SS6535,2024-10-15,Jujutsu Kaisen Keychain,2,8,16,0,0,16,Michigan
SS6536,2024-10-15,My Hero Academia Backpack,3,48,144,0,0,144,Pennsylvania
SS6537,2024-10-15,Naruto Hoodie,1,55,55,0,0,55,Texas
SS6538,2024-10-15,Naruto Hoodie,2,55,110,11.08,0,98.92,Florida
SS6539,2024-10-15,Anime Mystery Box,3,60,180,30.63,149.37,0,Virginia
SS6540,2024-10-15,Demon Slayer Poster,3,15,45,0,0,45,New York
SS6541,2024-10-15,Anime Mystery Box,2,60,120,0,0,120,Florida
SS6542,2024-10-15,One Piece Figure,2,35,70,0,0,70,New York
SS6543,2024-10-15,Dragon Ball Z Hat,2,22,44,0,0,44,Florida
SS6544,2024-10-15,Anime Mystery Box,1,60,60,0,0,60,Georgia
SS6545,2024-10-16,Demon Slayer Poster,1,15,15,0,0,15,California
SS6546,2024-10-16,Attack on Titan T-Shirt,2,28,56,3.65,0,52.35,California
SS6547,2024-10-16,Dragon Ball Z Hat,1,22,22,0,0,22,Texas
SS6548,2024-10-16,My Hero Academia Backpack,3,48,144,0,0,144,Florida
SS6549,2024-10-16,Anime Mystery Box,3,60,180,14.47,0,165.53,Colorado
SS6550,2024-10-16,Anime Mystery Box,2,60,120,0,0,120,Texas
SS6551,2024-10-16,Jujutsu Kaisen Keychain,3,8,24,3.43,0,20.57,Tennessee
SS6552,2024-10-16,My Hero Academia Backpack,1,48,48,9.44,0,38.56,Florida
SS6553,2024-10-16,Anime Mystery Box,2,60,120,0,0,120,Michigan
SS6554,2024-10-16,One Piece Figure,2,35,70,0,0,70,New York
SS6555,2024-10-16,My Hero Academia Backpack,3,48,144,0,0,144,Texas
SS6556,2024-10-16,Demon Slayer Poster,1,15,15,1.86,0,13.14,Florida
SS6557,2024-10-16,Naruto Hoodie,1,55,55,0,0,55,Tennessee
SS6558,2024-10-16,Attack on Titan T-Shirt,1,28,28,0,0,28,New Jersey
SS6559,2024-10-16,Naruto Hoodie,1,55,55,0,0,55,Florida
SS6560,2024-10-16,Anime Mystery Box,1,60,60,0,0,60,California
SS6561,2024-10-16,Demon Slayer Poster,2,15,30,5.95,0,24.05,Georgia
SS6562,2024-10-17,Naruto Hoodie,3,55,165,0,0,165,New Jersey
SS6563,2024-10-17,Dragon Ball Z Hat,1,22,22,3.98,0,18.02,Colorado
SS6564,2024-10-17,Anime Mystery Box,2,60,120,0,0,120,Florida
SS6565,2024-10-17,Jujutsu Kaisen Keychain,3,8,24,0,0,24,Florida
SS6566,2024-10-17,Anime Mystery Box,1,60,60,11.62,0,48.38,Texas
SS6567,2024-10-17,Anime Mystery Box,1,60,60,0,60,0,California
SS6568,2024-10-17,Anime Mystery Box,1,60,60,7.21,0,52.79,California
SS6569,2024-10-17,Anime Mystery Box,1,60,60,0,0,60,Texas
SS6570,2024-10-17,Naruto Hoodie,3,55,165,0,0,165,Florida
SS6571,2024-10-17,Anime Mystery Box,3,60,180,0,0,180,Washington
SS6572,2024-10-17,Naruto Hoodie,1,55,55,0,0,55,Florida
SS6573,2024-10-18,Anime Mystery Box,1,60,60,3.62,0,56.38,Florida
SS6574,2024-10-18,Naruto Hoodie,1,55,55,0,0,55,Florida
SS6575,2024-10-18,Anime Mystery Box,1,60,60,0,0,60,California
SS6576,2024-10-18,Naruto Hoodie,3,55,165,0,165,0,New Jersey
SS6577,2024-10-18,Anime Mystery Box,1,60,60,0,0,60,California
SS6578,2024-10-18,Dragon Ball Z Hat,1,22,22,0,0,22,Washington
SS6579,2024-10-18,My Hero Academia Backpack,2,48,96,0,0,96,Washington
SS6580,2024-10-19,Naruto Hoodie,3,55,165,0,165,0,Washington
SS6581,2024-10-19,Dragon Ball Z Hat,1,22,22,0,0,22,Florida
SS6582,2024-10-19,Naruto Hoodie,3,55,165,0,0,165,Florida
SS6583,2024-10-19,Anime Mystery Box,1,60,60,0,0,60,North Carolina
SS6584,2024-10-19,Demon Slayer Poster,2,15,30,0,0,30,Colorado
SS6585,2024-10-19,Demon Slayer Poster,2,15,30,0,0,30,Texas
SS6586,2024-10-19,Jujutsu Kaisen Keychain,1,8,8,0,8,0,California
SS6587,2024-10-19,One Piece Figure,3,35,105,0,105,0,Texas
SS6588,2024-10-19,My Hero Academia Backpack,3,48,144,0,0,144,Florida
SS6589,2024-10-19,Naruto Hoodie,1,55,55,0,0,55,California
SS6590,2024-10-19,Naruto Hoodie,1,55,55,9.54,0,45.46,Texas
SS6591,2024-10-19,My Hero Academia Backpack,1,48,48,0,48,0,Texas
SS6592,2024-10-19,Naruto Hoodie,2,55,110,0,0,110,Michigan
SS6593,2024-10-19,Naruto Hoodie,3,55,165,16.74,0,148.26,Texas
SS6594,2024-10-19,Anime Mystery Box,3,60,180,0,0,180,California
SS6595,2024-10-19,Naruto Hoodie,2,55,110,14.45,0,95.55,Texas
SS6596,2024-10-19,Naruto Hoodie,3,55,165,0,0,165,Illinois
SS6597,2024-10-19,My Hero Academia Backpack,2,48,96,0,0,96,Illinois
SS6598,2024-10-20,Anime Mystery Box,3,60,180,0,0,180,Florida
SS6599,2024-10-20,Anime Mystery Box,2,60,120,0,0,120,New York
SS6600,2024-10-20,Naruto Hoodie,1,55,55,0,0,55,California
SS6601,2024-10-20,Demon Slayer Poster,1,15,15,0,0,15,Michigan
SS6602,2024-10-20,One Piece Figure,1,35,35,0,0,35,California
SS6603,2024-10-20,Demon Slayer Poster,2,15,30,0,0,30,North Carolina
SS6604,2024-10-20,Demon Slayer Poster,2,15,30,0,0,30,California
SS6605,2024-10-20,Naruto Hoodie,1,55,55,0,0,55,California
SS6606,2024-10-20,Naruto Hoodie,3,55,165,8.83,0,156.17,Virginia
SS6607,2024-10-20,Jujutsu Kaisen Keychain,1,8,8,0,8,0,Texas
SS6608,2024-10-20,Demon Slayer Poster,3,15,45,0,0,45,California
SS6609,2024-10-20,Jujutsu Kaisen Keychain,1,8,8,0,0,8,Massachusetts
SS6610,2024-10-20,Attack on Titan T-Shirt,1,28,28,1.65,0,26.35,Missouri
SS6611,2024-10-20,Anime Mystery Box,3,60,180,0,0,180,California
SS6612,2024-10-20,Demon Slayer Poster,2,15,30,0,0,30,Texas
SS6613,2024-10-20,Anime Mystery Box,1,60,60,0,0,60,California
SS6614,2024-10-20,Dragon Ball Z Hat,3,22,66,0,0,66,Pennsylvania
SS6615,2024-10-21,Naruto Hoodie,1,55,55,0,0,55,Florida
SS6616,2024-10-21,Attack on Titan T-Shirt,1,28,28,0,0,28,Florida
SS6617,2024-10-21,One Piece Figure,3,35,105,0,0,105,California
SS6618,2024-10-21,Anime Mystery Box,1,60,60,0,0,60,Ohio
SS6619,2024-10-21,Anime Mystery Box,3,60,180,9.22,0,170.78,California
SS6620,2024-10-21,Naruto Hoodie,1,55,55,0,0,55,Missouri
SS6621,2024-10-21,Dragon Ball Z Hat,1,22,22,3.33,0,18.67,Texas
SS6622,2024-10-21,Anime Mystery Box,3,60,180,35.85,0,144.15,California
SS6623,2024-10-21,Anime Mystery Box,1,60,60,5.11,0,54.89,California
SS6624,2024-10-21,My Hero Academia Backpack,1,48,48,0,0,48,Indiana
SS6625,2024-10-21,Naruto Hoodie,3,55,165,0,0,165,Florida
SS6626,2024-10-21,Anime Mystery Box,2,60,120,0,0,120,Colorado
SS6627,2024-10-21,Jujutsu Kaisen Keychain,3,8,24,2.08,0,21.92,Illinois
SS6628,2024-10-21,Naruto Hoodie,1,55,55,0,55,0,Texas
SS6629,2024-10-21,Anime Mystery Box,3,60,180,14.45,0,165.55,New Jersey
SS6630,2024-10-21,Anime Mystery Box,2,60,120,0,0,120,Florida
SS6631,2024-10-21,Naruto Hoodie,2,55,110,0,0,110,California
SS6632,2024-10-22,Naruto Hoodie,1,55,55,0,0,55,New Jersey
SS6633,2024-10-22,Anime Mystery Box,2,60,120,23.38,0,96.62,California
SS6634,2024-10-22,Naruto Hoodie,3,55,165,0,0,165,California
SS6635,2024-10-22,Naruto Hoodie,2,55,110,13.95,0,96.05,Texas
SS6636,2024-10-22,Anime Mystery Box,3,60,180,0,0,180,Pennsylvania
SS6637,2024-10-22,One Piece Figure,3,35,105,0,0,105,Washington
SS6638,2024-10-23,Jujutsu Kaisen Keychain,3,8,24,4.65,0,19.35,California
SS6639,2024-10-23,Naruto Hoodie,3,55,165,0,0,165,Georgia
SS6640,2024-10-23,Dragon Ball Z Hat,1,22,22,0,0,22,Florida
SS6641,2024-10-23,Naruto Hoodie,2,55,110,6.62,0,103.38,California
SS6642,2024-10-23,My Hero Academia Backpack,1,48,48,0,0,48,California
SS6643,2024-10-23,Naruto Hoodie,2,55,110,0,0,110,Florida
SS6644,2024-10-23,Anime Mystery Box,2,60,120,0,0,120,Indiana
SS6645,2024-10-23,Naruto Hoodie,3,55,165,0,0,165,Texas
SS6646,2024-10-23,Naruto Hoodie,3,55,165,0,0,165,California
SS6647,2024-10-23,Attack on Titan T-Shirt,3,28,84,0,84,0,Massachusetts
SS6648,2024-10-23,Anime Mystery Box,1,60,60,0,0,60,California
SS6649,2024-10-23,Demon Slayer Poster,1,15,15,2.35,0,12.65,New York
SS6650,2024-10-23,Dragon Ball Z Hat,1,22,22,1.16,0,20.84,Texas
SS6651,2024-10-23,My Hero Academia Backpack,2,48,96,0,0,96,Indiana
SS6652,2024-10-23,Naruto Hoodie,1,55,55,0,0,55,Texas
SS6653,2024-10-23,Naruto Hoodie,2,55,110,0,0,110,Pennsylvania
SS6654,2024-10-23,Naruto Hoodie,3,55,165,0,0,165,New Jersey
SS6655,2024-10-24,Attack on Titan T-Shirt,2,28,56,5.1,0,50.9,Missouri
SS6656,2024-10-24,Demon Slayer Poster,1,15,15,0,0,15,Texas
SS6657,2024-10-24,One Piece Figure,2,35,70,0,0,70,Texas
SS6658,2024-10-24,Naruto Hoodie,2,55,110,0,110,0,Texas
SS6659,2024-10-24,Demon Slayer Poster,1,15,15,0,0,15,California
SS6660,2024-10-24,Demon Slayer Poster,2,15,30,0,0,30,Florida
SS6661,2024-10-24,Jujutsu Kaisen Keychain,1,8,8,0,0,8,Texas
SS6662,2024-10-24,Anime Mystery Box,3,60,180,0,0,180,Texas
SS6663,2024-10-24,Demon Slayer Poster,1,15,15,0,0,15,Florida
SS6664,2024-10-24,Jujutsu Kaisen Keychain,2,8,16,2.5,0,13.5,California
SS6665,2024-10-24,Anime Mystery Box,2,60,120,7.31,0,112.69,New York
SS6666,2024-10-24,Demon Slayer Poster,2,15,30,0,0,30,Florida
SS6667,2024-10-24,Naruto Hoodie,3,55,165,0,0,165,New Jersey
SS6668,2024-10-24,Naruto Hoodie,3,55,165,0,0,165,New York
SS6669,2024-10-24,Naruto Hoodie,2,55,110,0,0,110,Illinois
SS6670,2024-10-24,Jujutsu Kaisen Keychain,3,8,24,0,0,24,Indiana
SS6671,2024-10-24,Demon Slayer Poster,1,15,15,0,15,0,Missouri
SS6672,2024-10-24,My Hero Academia Backpack,2,48,96,0,0,96,Texas
SS6673,2024-10-25,Naruto Hoodie,3,55,165,0,0,165,California
SS6674,2024-10-25,Attack on Titan T-Shirt,2,28,56,0,0,56,New York
SS6675,2024-10-25,Naruto Hoodie,2,55,110,0,0,110,Florida
SS6676,2024-10-25,Naruto Hoodie,3,55,165,0,0,165,California
SS6677,2024-10-25,Jujutsu Kaisen Keychain,3,8,24,0,0,24,Texas
SS6678,2024-10-25,Naruto Hoodie,3,55,165,23.81,0,141.19,California
SS6679,2024-10-25,Naruto Hoodie,2,55,110,0,0,110,Florida
SS6680,2024-10-26,Demon Slayer Poster,3,15,45,0,0,45,Tennessee
SS6681,2024-10-26,Naruto Hoodie,2,55,110,0,0,110,Texas
SS6682,2024-10-26,Naruto Hoodie,3,55,165,0,0,165,Michigan
SS6683,2024-10-26,Attack on Titan T-Shirt,3,28,84,4.42,0,79.58,North Carolina
SS6684,2024-10-26,Naruto Hoodie,2,55,110,0,0,110,New Jersey
SS6685,2024-10-26,Anime Mystery Box,1,60,60,4.98,0,55.02,Michigan
SS6686,2024-10-26,Naruto Hoodie,1,55,55,0,0,55,California
SS6687,2024-10-26,Dragon Ball Z Hat,3,22,66,7.89,0,58.11,California
SS6688,2024-10-27,My Hero Academia Backpack,3,48,144,11.16,0,132.84,New Jersey
SS6689,2024-10-27,Jujutsu Kaisen Keychain,3,8,24,0,0,24,Florida
SS6690,2024-10-27,Dragon Ball Z Hat,1,22,22,0,0,22,California
SS6691,2024-10-27,Attack on Titan T-Shirt,3,28,84,8.46,0,75.54,Massachusetts
SS6692,2024-10-27,Attack on Titan T-Shirt,1,28,28,0,0,28,Florida
SS6693,2024-10-27,Anime Mystery Box,1,60,60,0,0,60,Michigan
SS6694,2024-10-27,Anime Mystery Box,3,60,180,30.1,0,149.9,Texas
SS6695,2024-10-27,Naruto Hoodie,2,55,110,10.13,0,99.87,Florida
SS6696,2024-10-27,Naruto Hoodie,3,55,165,0,0,165,Ohio
SS6697,2024-10-27,Naruto Hoodie,3,55,165,28.94,0,136.06,Texas
SS6698,2024-10-28,Naruto Hoodie,1,55,55,0,0,55,Texas
SS6699,2024-10-28,Anime Mystery Box,1,60,60,0,60,0,Indiana
SS6700,2024-10-28,Attack on Titan T-Shirt,3,28,84,0,0,84,California
SS6701,2024-10-28,Dragon Ball Z Hat,1,22,22,1.28,0,20.72,Florida
SS6702,2024-10-28,Anime Mystery Box,3,60,180,0,0,180,Florida
SS6703,2024-10-28,Attack on Titan T-Shirt,1,28,28,0,0,28,Washington
SS6704,2024-10-28,My Hero Academia Backpack,2,48,96,0,96,0,Texas
SS6705,2024-10-28,Attack on Titan T-Shirt,3,28,84,0,0,84,Illinois
SS6706,2024-10-28,Naruto Hoodie,1,55,55,0,55,0,California
SS6707,2024-10-29,Anime Mystery Box,1,60,60,0,0,60,Colorado
SS6708,2024-10-29,One Piece Figure,2,35,70,10.64,0,59.36,California
SS6709,2024-10-29,Attack on Titan T-Shirt,3,28,84,0,0,84,Ohio
SS6710,2024-10-29,One Piece Figure,1,35,35,0,0,35,California
SS6711,2024-10-29,Anime Mystery Box,3,60,180,0,0,180,California
SS6712,2024-10-29,Naruto Hoodie,3,55,165,0,165,0,Ohio
SS6713,2024-10-29,Naruto Hoodie,1,55,55,8.8,0,46.2,Florida
SS6714,2024-10-30,Anime Mystery Box,2,60,120,0,0,120,California
SS6715,2024-10-30,Anime Mystery Box,1,60,60,0,0,60,Florida
SS6716,2024-10-30,Naruto Hoodie,3,55,165,0,0,165,Florida
SS6717,2024-10-30,Anime Mystery Box,2,60,120,0,0,120,Washington
SS6718,2024-10-30,Anime Mystery Box,3,60,180,0,0,180,Nevada
SS6719,2024-10-30,One Piece Figure,3,35,105,0,0,105,Texas
SS6720,2024-10-30,Anime Mystery Box,2,60,120,0,0,120,Florida
SS6721,2024-10-30,Naruto Hoodie,2,55,110,0,110,0,Texas
SS6722,2024-10-30,Jujutsu Kaisen Keychain,3,8,24,0,0,24,California
SS6723,2024-10-31,Naruto Hoodie,2,55,110,16.51,0,93.49,Texas
SS6724,2024-10-31,Jujutsu Kaisen Keychain,3,8,24,0,0,24,Tennessee
SS6725,2024-10-31,Anime Mystery Box,3,60,180,22.26,0,157.74,Texas
SS6726,2024-10-31,Anime Mystery Box,2,60,120,0,0,120,Ohio
SS6727,2024-10-31,Anime Mystery Box,2,60,120,0,0,120,Florida
SS6728,2024-10-31,Demon Slayer Poster,3,15,45,8.95,0,36.05,California
SS6729,2024-10-31,Jujutsu Kaisen Keychain,1,8,8,0,0,8,California
SS6730,2024-11-01,Anime Mystery Box,1,60,60,0,0,60,Virginia
SS6731,2024-11-01,Naruto Hoodie,3,55,165,0,0,165,Florida
SS6732,2024-11-01,Naruto Hoodie,1,55,55,0,0,55,Pennsylvania
SS6733,2024-11-01,Anime Mystery Box,2,60,120,0,0,120,Texas
SS6734,2024-11-01,One Piece Figure,2,35,70,9.91,0,60.09,Texas
SS6735,2024-11-01,Naruto Hoodie,1,55,55,0,0,55,Florida
SS6736,2024-11-01,Demon Slayer Poster,2,15,30,0,0,30,North Carolina
SS6737,2024-11-01,Attack on Titan T-Shirt,1,28,28,3.81,0,24.19,Texas
SS6738,2024-11-01,Anime Mystery Box,2,60,120,10.99,0,109.01,Washington
SS6739,2024-11-01,Anime Mystery Box,1,60,60,0,0,60,Florida
SS6740,2024-11-01,Naruto Hoodie,2,55,110,0,0,110,California
SS6741,2024-11-02,One Piece Figure,2,35,70,0,0,70,Florida
SS6742,2024-11-02,One Piece Figure,1,35,35,0,35,0,Florida
SS6743,2024-11-02,One Piece Figure,1,35,35,6.17,0,28.83,Florida
SS6744,2024-11-02,Naruto Hoodie,2,55,110,7.57,0,102.43,Texas
SS6745,2024-11-02,Dragon Ball Z Hat,2,22,44,0,0,44,Ohio
SS6746,2024-11-02,Anime Mystery Box,1,60,60,0,0,60,Texas
SS6747,2024-11-02,Attack on Titan T-Shirt,1,28,28,2.67,0,25.33,Florida
SS6748,2024-11-02,Attack on Titan T-Shirt,1,28,28,0,0,28,California
SS6749,2024-11-02,Naruto Hoodie,3,55,165,0,0,165,California
SS6750,2024-11-03,Naruto Hoodie,3,55,165,0,0,165,California
SS6751,2024-11-03,Dragon Ball Z Hat,1,22,22,0,0,22,Massachusetts
SS6752,2024-11-03,Anime Mystery Box,2,60,120,0,0,120,Florida
SS6753,2024-11-03,Naruto Hoodie,3,55,165,0,0,165,New Jersey
SS6754,2024-11-03,Naruto Hoodie,3,55,165,0,0,165,New York
SS6755,2024-11-03,Naruto Hoodie,3,55,165,0,0,165,California
SS6756,2024-11-03,Anime Mystery Box,1,60,60,4.28,0,55.72,Illinois
SS6757,2024-11-04,Dragon Ball Z Hat,3,22,66,0,0,66,Florida
SS6758,2024-11-04,One Piece Figure,1,35,35,0,0,35,New Jersey
SS6759,2024-11-04,One Piece Figure,1,35,35,0,0,35,Texas
SS6760,2024-11-04,Anime Mystery Box,2,60,120,0,0,120,Texas
SS6761,2024-11-04,Anime Mystery Box,3,60,180,0,0,180,Arizona
SS6762,2024-11-04,Attack on Titan T-Shirt,3,28,84,0,0,84,Texas
SS6763,2024-11-04,Naruto Hoodie,3,55,165,0,0,165,Texas
SS6764,2024-11-04,Jujutsu Kaisen Keychain,3,8,24,0,0,24,Michigan
SS6765,2024-11-04,One Piece Figure,3,35,105,12.57,0,92.43,California
SS6766,2024-11-04,Attack on Titan T-Shirt,2,28,56,8.52,0,47.48,Nevada
SS6767,2024-11-04,My Hero Academia Backpack,1,48,48,0,0,48,Texas
SS6768,2024-11-04,One Piece Figure,2,35,70,0,0,70,Texas
SS6769,2024-11-04,Anime Mystery Box,2,60,120,6.54,0,113.46,Nevada
SS6770,2024-11-05,Attack on Titan T-Shirt,2,28,56,7.83,0,48.17,Florida
SS6771,2024-11-05,Naruto Hoodie,1,55,55,0,55,0,Ohio
SS6772,2024-11-05,Demon Slayer Poster,3,15,45,0,0,45,Virginia
SS6773,2024-11-05,Naruto Hoodie,3,55,165,0,0,165,Indiana
SS6774,2024-11-05,Anime Mystery Box,2,60,120,0,0,120,Texas
SS6775,2024-11-05,Dragon Ball Z Hat,1,22,22,0,0,22,Nevada
SS6776,2024-11-05,My Hero Academia Backpack,1,48,48,0,48,0,Florida
SS6777,2024-11-05,Anime Mystery Box,1,60,60,0,0,60,Texas
SS6778,2024-11-05,Naruto Hoodie,1,55,55,6.23,0,48.77,Florida
SS6779,2024-11-06,Naruto Hoodie,2,55,110,0,0,110,Texas
SS6780,2024-11-06,Naruto Hoodie,3,55,165,27.39,0,137.61,Texas
SS6781,2024-11-06,Naruto Hoodie,2,55,110,0,0,110,California
SS6782,2024-11-06,Attack on Titan T-Shirt,3,28,84,0,0,84,California
SS6783,2024-11-06,Anime Mystery Box,3,60,180,0,0,180,Ohio
SS6784,2024-11-06,Demon Slayer Poster,2,15,30,0,0,30,Missouri
SS6785,2024-11-06,Anime Mystery Box,2,60,120,0,0,120,Ohio
SS6786,2024-11-06,Naruto Hoodie,1,55,55,0,0,55,Pennsylvania
SS6787,2024-11-07,Naruto Hoodie,2,55,110,0,0,110,North Carolina
SS6788,2024-11-07,Jujutsu Kaisen Keychain,3,8,24,2.97,0,21.03,Texas
SS6789,2024-11-07,Naruto Hoodie,3,55,165,0,0,165,Texas
SS6790,2024-11-07,My Hero Academia Backpack,1,48,48,0,0,48,Massachusetts
SS6791,2024-11-07,Naruto Hoodie,3,55,165,0,0,165,Michigan
SS6792,2024-11-07,Naruto Hoodie,3,55,165,15.27,0,149.73,Texas
SS6793,2024-11-07,Naruto Hoodie,3,55,165,0,0,165,Texas
SS6794,2024-11-07,Naruto Hoodie,3,55,165,0,0,165,Florida
SS6795,2024-11-07,Anime Mystery Box,1,60,60,0,0,60,Texas
SS6796,2024-11-07,Attack on Titan T-Shirt,2,28,56,0,0,56,California
SS6797,2024-11-07,Attack on Titan T-Shirt,3,28,84,0,0,84,Texas
SS6798,2024-11-07,My Hero Academia Backpack,3,48,144,0,0,144,California
SS6799,2024-11-07,Dragon Ball Z Hat,1,22,22,0,0,22,California
SS6800,2024-11-07,Naruto Hoodie,2,55,110,21.55,0,88.45,Virginia
SS6801,2024-11-07,Anime Mystery Box,1,60,60,0,0,60,California
SS6802,2024-11-08,Anime Mystery Box,2,60,120,0,0,120,Colorado
SS6803,2024-11-08,Demon Slayer Poster,1,15,15,0,0,15,Florida
SS6804,2024-11-08,Jujutsu Kaisen Keychain,2,8,16,0,0,16,Indiana
SS6805,2024-11-08,Anime Mystery Box,1,60,60,0,0,60,Washington
SS6806,2024-11-08,Attack on Titan T-Shirt,1,28,28,0,0,28,California
SS6807,2024-11-08,Naruto Hoodie,1,55,55,0,0,55,New Jersey
SS6808,2024-11-08,Jujutsu Kaisen Keychain,1,8,8,0,0,8,California
SS6809,2024-11-08,Anime Mystery Box,2,60,120,0,0,120,California
SS6810,2024-11-08,One Piece Figure,2,35,70,0,0,70,California
SS6811,2024-11-08,Anime Mystery Box,1,60,60,0,0,60,Texas
SS6812,2024-11-08,Dragon Ball Z Hat,3,22,66,0,0,66,Florida
SS6813,2024-11-08,Anime Mystery Box,2,60,120,0,0,120,Florida
SS6814,2024-11-08,Naruto Hoodie,1,55,55,0,55,0,Florida
SS6815,2024-11-09,Naruto Hoodie,1,55,55,4.15,0,50.85,Pennsylvania
SS6816,2024-11-09,Anime Mystery Box,1,60,60,0,0,60,Ohio
SS6817,2024-11-09,Anime Mystery Box,3,60,180,35.48,0,144.52,California
SS6818,2024-11-09,Jujutsu Kaisen Keychain,2,8,16,0,0,16,Florida
SS6819,2024-11-09,Attack on Titan T-Shirt,2,28,56,0,0,56,California
SS6820,2024-11-09,Naruto Hoodie,1,55,55,0,0,55,Ohio
SS6821,2024-11-10,Naruto Hoodie,2,55,110,0,0,110,New Jersey
SS6822,2024-11-10,One Piece Figure,2,35,70,0,0,70,Texas
SS6823,2024-11-10,Anime Mystery Box,1,60,60,0,0,60,New York
SS6824,2024-11-10,Naruto Hoodie,2,55,110,0,0,110,California
SS6825,2024-11-10,Jujutsu Kaisen Keychain,3,8,24,1.96,0,22.04,Texas
SS6826,2024-11-10,Demon Slayer Poster,1,15,15,0,0,15,Texas
SS6827,2024-11-11,Anime Mystery Box,2,60,120,0,0,120,Virginia
SS6828,2024-11-11,Dragon Ball Z Hat,3,22,66,0,0,66,Texas
SS6829,2024-11-11,Naruto Hoodie,1,55,55,3.27,0,51.73,Florida
SS6830,2024-11-11,Anime Mystery Box,3,60,180,0,0,180,Florida
SS6831,2024-11-11,Attack on Titan T-Shirt,3,28,84,0,0,84,Florida
SS6832,2024-11-11,Naruto Hoodie,2,55,110,12.37,0,97.63,California
SS6833,2024-11-11,One Piece Figure,2,35,70,4.97,0,65.03,Texas
SS6834,2024-11-11,Naruto Hoodie,3,55,165,0,0,165,California
SS6835,2024-11-11,My Hero Academia Backpack,3,48,144,0,0,144,California
SS6836,2024-11-11,Naruto Hoodie,2,55,110,10.14,0,99.86,Florida
SS6837,2024-11-11,Attack on Titan T-Shirt,2,28,56,0,0,56,Florida
SS6838,2024-11-11,Demon Slayer Poster,3,15,45,0,0,45,Texas
SS6839,2024-11-11,Anime Mystery Box,2,60,120,0,0,120,Tennessee
SS6840,2024-11-11,Naruto Hoodie,2,55,110,0,0,110,Missouri
SS6841,2024-11-11,Anime Mystery Box,2,60,120,0,0,120,Colorado
SS6842,2024-11-11,Naruto Hoodie,1,55,55,8.61,0,46.39,California
SS6843,2024-11-12,Anime Mystery Box,3,60,180,0,0,180,Florida
SS6844,2024-11-12,Anime Mystery Box,2,60,120,0,0,120,Georgia
SS6845,2024-11-12,Naruto Hoodie,3,55,165,0,0,165,Michigan
SS6846,2024-11-12,Naruto Hoodie,3,55,165,0,0,165,Texas
SS6847,2024-11-12,Jujutsu Kaisen Keychain,2,8,16,0.89,0,15.11,North Carolina
SS6848,2024-11-12,Anime Mystery Box,2,60,120,0,0,120,Michigan
SS6849,2024-11-12,Attack on Titan T-Shirt,3,28,84,0,0,84,New York
SS6850,2024-11-12,One Piece Figure,2,35,70,11.65,0,58.35,Texas
SS6851,2024-11-12,One Piece Figure,1,35,35,0,0,35,Ohio
SS6852,2024-11-12,Naruto Hoodie,1,55,55,0,0,55,North Carolina
SS6853,2024-11-12,One Piece Figure,3,35,105,0,105,0,Washington
SS6854,2024-11-12,Attack on Titan T-Shirt,1,28,28,0,0,28,Texas
SS6855,2024-11-12,Naruto Hoodie,1,55,55,0,0,55,Tennessee
SS6856,2024-11-12,My Hero Academia Backpack,3,48,144,0,0,144,Missouri
SS6857,2024-11-12,One Piece Figure,2,35,70,9.47,0,60.53,Florida
SS6858,2024-11-13,Naruto Hoodie,1,55,55,0,0,55,California
SS6859,2024-11-13,Jujutsu Kaisen Keychain,1,8,8,0,0,8,Massachusetts
SS6860,2024-11-13,Anime Mystery Box,3,60,180,0,0,180,Florida
SS6861,2024-11-13,Naruto Hoodie,3,55,165,0,0,165,California
SS6862,2024-11-13,My Hero Academia Backpack,1,48,48,0,0,48,California
SS6863,2024-11-13,Naruto Hoodie,3,55,165,30.24,0,134.76,Florida
SS6864,2024-11-13,Naruto Hoodie,1,55,55,0,55,0,Florida
SS6865,2024-11-13,Jujutsu Kaisen Keychain,2,8,16,2.25,0,13.75,California
SS6866,2024-11-13,Demon Slayer Poster,1,15,15,0,15,0,Texas
SS6867,2024-11-13,Anime Mystery Box,1,60,60,0,0,60,Texas
SS6868,2024-11-14,Demon Slayer Poster,1,15,15,0,0,15,Florida
SS6869,2024-11-14,Jujutsu Kaisen Keychain,2,8,16,0,0,16,Texas
SS6870,2024-11-14,Anime Mystery Box,1,60,60,0,60,0,California
SS6871,2024-11-14,Demon Slayer Poster,3,15,45,0,0,45,Nevada
SS6872,2024-11-14,Naruto Hoodie,3,55,165,0,0,165,Georgia
SS6873,2024-11-14,Naruto Hoodie,3,55,165,0,0,165,Colorado
SS6874,2024-11-14,Anime Mystery Box,2,60,120,18.97,0,101.03,Tennessee
SS6875,2024-11-14,My Hero Academia Backpack,1,48,48,0,0,48,Florida
SS6876,2024-11-15,Demon Slayer Poster,2,15,30,0,0,30,Florida
SS6877,2024-11-15,Naruto Hoodie,1,55,55,0,0,55,Texas
SS6878,2024-11-15,Naruto Hoodie,3,55,165,0,0,165,New Jersey
SS6879,2024-11-15,Anime Mystery Box,2,60,120,9.24,0,110.76,California
SS6880,2024-11-15,Attack on Titan T-Shirt,3,28,84,0,0,84,Florida
SS6881,2024-11-15,Anime Mystery Box,2,60,120,0,0,120,Florida
SS6882,2024-11-15,My Hero Academia Backpack,3,48,144,26.48,0,117.52,California
SS6883,2024-11-15,Anime Mystery Box,3,60,180,25.32,0,154.68,California
SS6884,2024-11-15,Attack on Titan T-Shirt,2,28,56,0,0,56,Texas
SS6885,2024-11-15,Jujutsu Kaisen Keychain,1,8,8,0,8,0,California
SS6886,2024-11-15,One Piece Figure,3,35,105,0,0,105,Pennsylvania
SS6887,2024-11-15,Anime Mystery Box,2,60,120,0,0,120,Texas
SS6888,2024-11-16,Demon Slayer Poster,1,15,15,1.53,0,13.47,Indiana
SS6889,2024-11-16,Dragon Ball Z Hat,3,22,66,0,66,0,Florida
SS6890,2024-11-16,Attack on Titan T-Shirt,3,28,84,0,0,84,California
SS6891,2024-11-16,Demon Slayer Poster,3,15,45,8.32,36.68,0,Texas
SS6892,2024-11-16,Naruto Hoodie,2,55,110,0,0,110,Florida
SS6893,2024-11-16,Dragon Ball Z Hat,2,22,44,0,0,44,Arizona
SS6894,2024-11-16,Anime Mystery Box,1,60,60,0,0,60,Illinois
SS6895,2024-11-16,Jujutsu Kaisen Keychain,2,8,16,1.12,0,14.88,Texas
SS6896,2024-11-16,Naruto Hoodie,3,55,165,21.05,0,143.95,California
SS6897,2024-11-16,Anime Mystery Box,2,60,120,0,0,120,Colorado
SS6898,2024-11-16,Demon Slayer Poster,3,15,45,6.67,0,38.33,Arizona
SS6899,2024-11-16,Anime Mystery Box,2,60,120,20.27,0,99.73,Illinois
SS6900,2024-11-17,Dragon Ball Z Hat,2,22,44,0,0,44,Massachusetts
SS6901,2024-11-17,Dragon Ball Z Hat,3,22,66,0,0,66,Florida
SS6902,2024-11-17,Anime Mystery Box,1,60,60,0,0,60,California
SS6903,2024-11-17,Attack on Titan T-Shirt,3,28,84,0,0,84,North Carolina
SS6904,2024-11-17,Naruto Hoodie,1,55,55,6.28,0,48.72,Ohio
SS6905,2024-11-17,Jujutsu Kaisen Keychain,3,8,24,2.74,0,21.26,Arizona
SS6906,2024-11-17,Naruto Hoodie,3,55,165,0,0,165,Nevada
SS6907,2024-11-18,Attack on Titan T-Shirt,2,28,56,4.99,0,51.01,California
SS6908,2024-11-18,Demon Slayer Poster,2,15,30,0,0,30,North Carolina
SS6909,2024-11-18,Naruto Hoodie,2,55,110,0,0,110,California
SS6910,2024-11-18,Demon Slayer Poster,1,15,15,0,0,15,Florida
SS6911,2024-11-18,Naruto Hoodie,2,55,110,0,0,110,California
SS6912,2024-11-18,One Piece Figure,2,35,70,9.71,0,60.29,Florida
SS6913,2024-11-18,Naruto Hoodie,1,55,55,9.21,0,45.79,Virginia
SS6914,2024-11-18,Dragon Ball Z Hat,1,22,22,0,0,22,Washington
SS6915,2024-11-18,Anime Mystery Box,1,60,60,0,0,60,Florida
SS6916,2024-11-18,Demon Slayer Poster,2,15,30,0,0,30,Florida
SS6917,2024-11-18,Naruto Hoodie,1,55,55,0,0,55,California
SS6918,2024-11-19,Naruto Hoodie,3,55,165,11.72,0,153.28,Massachusetts
SS6919,2024-11-19,Attack on Titan T-Shirt,3,28,84,0,0,84,Florida
SS6920,2024-11-19,Jujutsu Kaisen Keychain,3,8,24,0,0,24,Colorado
SS6921,2024-11-19,Anime Mystery Box,1,60,60,0,0,60,Massachusetts
SS6922,2024-11-19,One Piece Figure,3,35,105,0,0,105,Florida
SS6923,2024-11-19,Naruto Hoodie,2,55,110,0,0,110,California
SS6924,2024-11-19,Dragon Ball Z Hat,2,22,44,0,0,44,Colorado
SS6925,2024-11-19,Anime Mystery Box,2,60,120,20.66,99.34,0,California
SS6926,2024-11-19,Naruto Hoodie,3,55,165,32.55,0,132.45,Illinois
SS6927,2024-11-19,Naruto Hoodie,1,55,55,0,0,55,California
SS6928,2024-11-19,Naruto Hoodie,1,55,55,9.69,0,45.31,Florida
SS6929,2024-11-19,Dragon Ball Z Hat,3,22,66,0,0,66,Texas
SS6930,2024-11-20,Anime Mystery Box,3,60,180,0,0,180,Virginia
SS6931,2024-11-20,Naruto Hoodie,3,55,165,24.08,0,140.92,Texas
SS6932,2024-11-20,Demon Slayer Poster,1,15,15,1.14,0,13.86,Tennessee
SS6933,2024-11-20,My Hero Academia Backpack,3,48,144,11.91,0,132.09,California
SS6934,2024-11-20,Demon Slayer Poster,1,15,15,0,0,15,Florida
SS6935,2024-11-20,Anime Mystery Box,3,60,180,23.35,0,156.65,Florida
SS6936,2024-11-20,My Hero Academia Backpack,2,48,96,0,0,96,Florida
SS6937,2024-11-21,Demon Slayer Poster,2,15,30,0,0,30,Florida
SS6938,2024-11-21,Attack on Titan T-Shirt,1,28,28,0,0,28,California
SS6939,2024-11-21,Anime Mystery Box,3,60,180,10.37,0,169.63,Washington
SS6940,2024-11-21,Attack on Titan T-Shirt,2,28,56,0,56,0,Arizona
SS6941,2024-11-21,Anime Mystery Box,2,60,120,21.89,0,98.11,Missouri
SS6942,2024-11-21,Dragon Ball Z Hat,1,22,22,2.52,0,19.48,Florida
SS6943,2024-11-22,Dragon Ball Z Hat,3,22,66,3.75,0,62.25,Texas
SS6944,2024-11-22,Anime Mystery Box,3,60,180,22.14,0,157.86,Pennsylvania
SS6945,2024-11-22,Naruto Hoodie,2,55,110,0,0,110,Texas
SS6946,2024-11-22,One Piece Figure,1,35,35,0,0,35,Texas
SS6947,2024-11-22,Dragon Ball Z Hat,3,22,66,9.98,0,56.02,Florida
SS6948,2024-11-22,Jujutsu Kaisen Keychain,2,8,16,0,0,16,Michigan
SS6949,2024-11-22,Jujutsu Kaisen Keychain,2,8,16,0.83,0,15.17,Florida
SS6950,2024-11-22,Naruto Hoodie,1,55,55,0,0,55,Texas
SS6951,2024-11-22,Attack on Titan T-Shirt,3,28,84,16.06,0,67.94,Virginia
SS6952,2024-11-22,Dragon Ball Z Hat,3,22,66,0,0,66,California
SS6953,2024-11-22,One Piece Figure,1,35,35,0,0,35,California
SS6954,2024-11-22,Anime Mystery Box,2,60,120,0,0,120,Pennsylvania
SS6955,2024-11-22,Dragon Ball Z Hat,2,22,44,0,0,44,Nevada
SS6956,2024-11-22,Jujutsu Kaisen Keychain,2,8,16,0,0,16,Texas
SS6957,2024-11-22,Naruto Hoodie,2,55,110,5.73,0,104.27,California
SS6958,2024-11-22,Naruto Hoodie,1,55,55,0,0,55,Arizona
SS6959,2024-11-22,Naruto Hoodie,1,55,55,0,0,55,California
SS6960,2024-11-22,Attack on Titan T-Shirt,3,28,84,9.78,0,74.22,Florida
SS6961,2024-11-23,Attack on Titan T-Shirt,2,28,56,0,0,56,Virginia
SS6962,2024-11-23,Attack on Titan T-Shirt,1,28,28,0,0,28,California
SS6963,2024-11-23,Demon Slayer Poster,2,15,30,0,0,30,California
SS6964,2024-11-23,Naruto Hoodie,3,55,165,0,0,165,Pennsylvania
SS6965,2024-11-23,Naruto Hoodie,2,55,110,0,0,110,Texas
SS6966,2024-11-23,My Hero Academia Backpack,1,48,48,0,0,48,Texas
SS6967,2024-11-23,Anime Mystery Box,3,60,180,14.74,0,165.26,Nevada
SS6968,2024-11-23,Anime Mystery Box,3,60,180,0,0,180,New Jersey
SS6969,2024-11-24,One Piece Figure,3,35,105,0,0,105,Florida
SS6970,2024-11-24,Dragon Ball Z Hat,2,22,44,0,0,44,California
SS6971,2024-11-24,Dragon Ball Z Hat,2,22,44,0,0,44,Missouri
SS6972,2024-11-24,Attack on Titan T-Shirt,2,28,56,6.41,0,49.59,Florida
SS6973,2024-11-24,One Piece Figure,2,35,70,0,0,70,California
SS6974,2024-11-24,Anime Mystery Box,3,60,180,22.39,0,157.61,Georgia
SS6975,2024-11-24,Anime Mystery Box,1,60,60,0,0,60,Texas
SS6976,2024-11-24,Naruto Hoodie,3,55,165,0,0,165,Texas
SS6977,2024-11-24,Dragon Ball Z Hat,1,22,22,0,0,22,Texas
SS6978,2024-11-24,Demon Slayer Poster,2,15,30,0,0,30,Missouri
SS6979,2024-11-24,My Hero Academia Backpack,1,48,48,0,0,48,Washington
SS6980,2024-11-24,One Piece Figure,2,35,70,0,0,70,California
SS6981,2024-11-24,Demon Slayer Poster,2,15,30,0,0,30,Virginia
SS6982,2024-11-24,Anime Mystery Box,1,60,60,0,0,60,Illinois
SS6983,2024-11-24,Anime Mystery Box,3,60,180,0,0,180,California
SS6984,2024-11-24,Jujutsu Kaisen Keychain,1,8,8,0,0,8,Arizona
SS6985,2024-11-24,Naruto Hoodie,2,55,110,0,0,110,California
SS6986,2024-11-24,Dragon Ball Z Hat,2,22,44,0,0,44,Nevada
SS6987,2024-11-25,Naruto Hoodie,1,55,55,0,55,0,Indiana
SS6988,2024-11-25,Attack on Titan T-Shirt,2,28,56,4.18,0,51.82,Florida
SS6989,2024-11-25,One Piece Figure,1,35,35,2.32,0,32.68,California
SS6990,2024-11-25,Anime Mystery Box,1,60,60,0,0,60,Virginia
SS6991,2024-11-25,Jujutsu Kaisen Keychain,2,8,16,0,0,16,California
SS6992,2024-11-25,Naruto Hoodie,1,55,55,6.92,0,48.08,North Carolina
SS6993,2024-11-25,Naruto Hoodie,2,55,110,0,0,110,Michigan
SS6994,2024-11-26,Anime Mystery Box,3,60,180,0,0,180,Florida
SS6995,2024-11-26,Naruto Hoodie,3,55,165,0,0,165,Texas
SS6996,2024-11-26,Anime Mystery Box,2,60,120,0,0,120,Texas
SS6997,2024-11-26,Dragon Ball Z Hat,3,22,66,0,0,66,Georgia
SS6998,2024-11-26,Anime Mystery Box,2,60,120,0,120,0,Texas
SS6999,2024-11-26,Anime Mystery Box,3,60,180,0,0,180,New Jersey
SS7000,2024-11-26,Attack on Titan T-Shirt,1,28,28,0,0,28,Illinois
SS7001,2024-11-26,Naruto Hoodie,2,55,110,0,0,110,Florida
SS7002,2024-11-26,Anime Mystery Box,3,60,180,0,180,0,California
SS7003,2024-11-26,One Piece Figure,3,35,105,0,0,105,New York
SS7004,2024-11-26,Naruto Hoodie,3,55,165,0,0,165,Florida
SS7005,2024-11-26,Naruto Hoodie,2,55,110,0,110,0,California
SS7006,2024-11-27,Naruto Hoodie,3,55,165,12.47,0,152.53,Texas
SS7007,2024-11-27,Attack on Titan T-Shirt,3,28,84,0,0,84,Ohio
SS7008,2024-11-27,Anime Mystery Box,3,60,180,28.25,0,151.75,Texas
SS7009,2024-11-27,Naruto Hoodie,1,55,55,0,0,55,New York
SS7010,2024-11-27,Naruto Hoodie,3,55,165,0,0,165,California
SS7011,2024-11-27,My Hero Academia Backpack,1,48,48,0,0,48,California
SS7012,2024-11-27,Dragon Ball Z Hat,1,22,22,2.81,0,19.19,Florida
SS7013,2024-11-27,Naruto Hoodie,2,55,110,0,0,110,Missouri
SS7014,2024-11-27,Attack on Titan T-Shirt,1,28,28,2.26,0,25.74,Florida
SS7015,2024-11-27,Naruto Hoodie,3,55,165,0,0,165,Florida
SS7016,2024-11-27,Anime Mystery Box,1,60,60,0,0,60,Washington
SS7017,2024-11-27,Naruto Hoodie,1,55,55,0,0,55,Florida
SS7018,2024-11-27,Anime Mystery Box,2,60,120,16.03,0,103.97,Georgia
SS7019,2024-11-27,Anime Mystery Box,3,60,180,14.06,0,165.94,Washington
SS7020,2024-11-27,Dragon Ball Z Hat,2,22,44,0,0,44,Florida
SS7021,2024-11-27,One Piece Figure,3,35,105,0,0,105,Pennsylvania
SS7022,2024-11-28,Dragon Ball Z Hat,1,22,22,0,22,0,Texas
SS7023,2024-11-28,Demon Slayer Poster,1,15,15,2.06,0,12.94,Texas
SS7024,2024-11-28,Attack on Titan T-Shirt,2,28,56,11.12,0,44.88,Florida
SS7025,2024-11-28,Attack on Titan T-Shirt,3,28,84,4.43,0,79.57,Florida
SS7026,2024-11-28,Dragon Ball Z Hat,2,22,44,0,0,44,Pennsylvania
SS7027,2024-11-28,One Piece Figure,3,35,105,0,0,105,Texas
SS7028,2024-11-28,Naruto Hoodie,2,55,110,0,110,0,California
SS7029,2024-11-29,Attack on Titan T-Shirt,3,28,84,8.79,0,75.21,Texas
SS7030,2024-11-29,Dragon Ball Z Hat,3,22,66,0,0,66,California
SS7031,2024-11-29,Naruto Hoodie,3,55,165,0,0,165,Nevada
SS7032,2024-11-29,Naruto Hoodie,3,55,165,0,0,165,Illinois
SS7033,2024-11-29,Jujutsu Kaisen Keychain,3,8,24,0,24,0,Colorado
SS7034,2024-11-29,Anime Mystery Box,1,60,60,3.87,0,56.13,Texas
SS7035,2024-11-29,Naruto Hoodie,1,55,55,0,0,55,Florida
SS7036,2024-11-30,Naruto Hoodie,2,55,110,12.52,0,97.48,Illinois
SS7037,2024-11-30,Anime Mystery Box,3,60,180,0,180,0,Texas
SS7038,2024-11-30,Naruto Hoodie,3,55,165,0,0,165,Florida
SS7039,2024-11-30,My Hero Academia Backpack,1,48,48,4.89,0,43.11,Pennsylvania
SS7040,2024-11-30,Naruto Hoodie,2,55,110,0,110,0,Texas
SS7041,2024-11-30,Attack on Titan T-Shirt,2,28,56,7.26,0,48.74,California
SS7042,2024-11-30,My Hero Academia Backpack,2,48,96,5.44,0,90.56,Texas
SS7043,2024-11-30,Dragon Ball Z Hat,3,22,66,4.67,0,61.33,North Carolina
SS7044,2024-12-01,Naruto Hoodie,1,55,55,0,0,55,Massachusetts
SS7045,2024-12-01,Anime Mystery Box,1,60,60,8.25,0,51.75,New Jersey
SS7046,2024-12-01,Anime Mystery Box,3,60,180,0,0,180,Colorado
SS7047,2024-12-01,Anime Mystery Box,1,60,60,0,0,60,Illinois
SS7048,2024-12-01,Naruto Hoodie,2,55,110,0,0,110,Washington
SS7049,2024-12-01,Anime Mystery Box,1,60,60,0,0,60,Florida
SS7050,2024-12-01,Demon Slayer Poster,1,15,15,0,0,15,Florida
SS7051,2024-12-02,Anime Mystery Box,2,60,120,0,0,120,California
SS7052,2024-12-02,Demon Slayer Poster,1,15,15,2.99,12.01,0,Washington
SS7053,2024-12-02,Naruto Hoodie,2,55,110,0,0,110,Texas
SS7054,2024-12-02,Naruto Hoodie,3,55,165,0,0,165,Texas
SS7055,2024-12-02,Attack on Titan T-Shirt,1,28,28,3.75,0,24.25,Massachusetts
SS7056,2024-12-02,Demon Slayer Poster,3,15,45,0,0,45,Florida
SS7057,2024-12-02,Jujutsu Kaisen Keychain,2,8,16,0,0,16,Florida
SS7058,2024-12-02,Jujutsu Kaisen Keychain,1,8,8,0,0,8,Texas
SS7059,2024-12-02,Anime Mystery Box,2,60,120,13.98,0,106.02,Arizona
SS7060,2024-12-02,Dragon Ball Z Hat,1,22,22,0,0,22,California
SS7061,2024-12-02,Naruto Hoodie,2,55,110,9.55,0,100.45,California
SS7062,2024-12-02,Anime Mystery Box,1,60,60,7.84,0,52.16,California
SS7063,2024-12-02,Demon Slayer Poster,2,15,30,0,0,30,New Jersey
SS7064,2024-12-02,Anime Mystery Box,3,60,180,0,0,180,Florida
SS7065,2024-12-02,One Piece Figure,2,35,70,0,0,70,Washington
SS7066,2024-12-02,Demon Slayer Poster,2,15,30,0,0,30,Texas
SS7067,2024-12-03,My Hero Academia Backpack,2,48,96,0,0,96,Arizona
SS7068,2024-12-03,Naruto Hoodie,1,55,55,0,0,55,California
SS7069,2024-12-03,Naruto Hoodie,2,55,110,20.8,0,89.2,Missouri
SS7070,2024-12-03,My Hero Academia Backpack,2,48,96,0,0,96,New Jersey
SS7071,2024-12-03,My Hero Academia Backpack,1,48,48,0,0,48,Indiana
SS7072,2024-12-03,Anime Mystery Box,1,60,60,0,0,60,Missouri
SS7073,2024-12-03,Anime Mystery Box,3,60,180,0,0,180,California
SS7074,2024-12-03,My Hero Academia Backpack,2,48,96,0,0,96,Florida
SS7075,2024-12-04,Attack on Titan T-Shirt,1,28,28,0,0,28,Colorado
SS7076,2024-12-04,One Piece Figure,3,35,105,0,0,105,Texas
SS7077,2024-12-04,Naruto Hoodie,3,55,165,0,0,165,Florida
SS7078,2024-12-04,Anime Mystery Box,2,60,120,15.53,0,104.47,California
SS7079,2024-12-04,One Piece Figure,3,35,105,0,105,0,Florida
SS7080,2024-12-04,Dragon Ball Z Hat,2,22,44,0,0,44,Colorado
SS7081,2024-12-04,Jujutsu Kaisen Keychain,2,8,16,0,0,16,California
SS7082,2024-12-04,One Piece Figure,2,35,70,0,0,70,Florida
SS7083,2024-12-04,Demon Slayer Poster,2,15,30,0,0,30,California
SS7084,2024-12-04,Demon Slayer Poster,1,15,15,0,0,15,Texas
SS7085,2024-12-04,Naruto Hoodie,2,55,110,0,0,110,California
SS7086,2024-12-04,Anime Mystery Box,3,60,180,23.11,0,156.89,California
SS7087,2024-12-04,Anime Mystery Box,1,60,60,0,0,60,California
SS7088,2024-12-05,Naruto Hoodie,1,55,55,0,0,55,Texas
SS7089,2024-12-05,Dragon Ball Z Hat,2,22,44,0,0,44,California
SS7090,2024-12-05,Anime Mystery Box,1,60,60,0,60,0,New York
SS7091,2024-12-05,Anime Mystery Box,1,60,60,0,0,60,California
SS7092,2024-12-05,One Piece Figure,1,35,35,0,0,35,Florida
SS7093,2024-12-05,Anime Mystery Box,1,60,60,0,0,60,California
SS7094,2024-12-05,Attack on Titan T-Shirt,1,28,28,1.77,0,26.23,California
SS7095,2024-12-05,Anime Mystery Box,2,60,120,0,0,120,California
SS7096,2024-12-05,Anime Mystery Box,1,60,60,0,0,60,Michigan
SS7097,2024-12-05,Naruto Hoodie,3,55,165,8.94,0,156.06,New York
SS7098,2024-12-06,My Hero Academia Backpack,2,48,96,7.22,0,88.78,Texas
SS7099,2024-12-06,Anime Mystery Box,3,60,180,0,0,180,Florida
SS7100,2024-12-06,Anime Mystery Box,1,60,60,0,0,60,Florida
SS7101,2024-12-06,Dragon Ball Z Hat,1,22,22,0,0,22,Florida
SS7102,2024-12-06,Dragon Ball Z Hat,2,22,44,0,44,0,California
SS7103,2024-12-06,Demon Slayer Poster,2,15,30,0,0,30,Florida
SS7104,2024-12-06,Demon Slayer Poster,1,15,15,0,0,15,California
SS7105,2024-12-06,Naruto Hoodie,3,55,165,0,0,165,California
SS7106,2024-12-06,My Hero Academia Backpack,1,48,48,0,0,48,Texas
SS7107,2024-12-06,Naruto Hoodie,3,55,165,0,0,165,Florida
SS7108,2024-12-06,Anime Mystery Box,2,60,120,0,0,120,Texas
SS7109,2024-12-07,Anime Mystery Box,3,60,180,0,0,180,California
SS7110,2024-12-07,Anime Mystery Box,2,60,120,23.87,0,96.13,California
SS7111,2024-12-07,Attack on Titan T-Shirt,3,28,84,0,0,84,Texas
SS7112,2024-12-07,Anime Mystery Box,1,60,60,10.14,0,49.86,California
SS7113,2024-12-07,Jujutsu Kaisen Keychain,2,8,16,0,0,16,California
SS7114,2024-12-07,One Piece Figure,1,35,35,0,0,35,Arizona
SS7115,2024-12-07,Naruto Hoodie,1,55,55,0,0,55,Florida
SS7116,2024-12-07,Anime Mystery Box,2,60,120,0,0,120,New York
SS7117,2024-12-07,My Hero Academia Backpack,3,48,144,0,0,144,Florida
SS7118,2024-12-07,Dragon Ball Z Hat,1,22,22,3.99,0,18.01,Missouri
SS7119,2024-12-07,Naruto Hoodie,3,55,165,26.46,0,138.54,Florida
SS7120,2024-12-07,Anime Mystery Box,1,60,60,0,0,60,Florida
SS7121,2024-12-08,One Piece Figure,3,35,105,0,0,105,Florida
SS7122,2024-12-08,Naruto Hoodie,3,55,165,0,0,165,Georgia
SS7123,2024-12-08,Attack on Titan T-Shirt,1,28,28,0,0,28,Florida
SS7124,2024-12-08,Dragon Ball Z Hat,3,22,66,0,66,0,Georgia
SS7125,2024-12-08,Anime Mystery Box,3,60,180,0,0,180,Texas
SS7126,2024-12-08,Dragon Ball Z Hat,1,22,22,3.18,0,18.82,Illinois
SS7127,2024-12-08,Anime Mystery Box,3,60,180,0,0,180,Massachusetts
SS7128,2024-12-08,Naruto Hoodie,2,55,110,7.58,0,102.42,Virginia
SS7129,2024-12-08,Demon Slayer Poster,2,15,30,0,0,30,Texas
SS7130,2024-12-08,Attack on Titan T-Shirt,1,28,28,2.07,0,25.93,North Carolina
SS7131,2024-12-08,Anime Mystery Box,3,60,180,0,0,180,Florida
SS7132,2024-12-09,Anime Mystery Box,2,60,120,0,0,120,North Carolina
SS7133,2024-12-09,Attack on Titan T-Shirt,3,28,84,8.51,0,75.49,Georgia
SS7134,2024-12-09,Anime Mystery Box,3,60,180,29.84,0,150.16,Texas
SS7135,2024-12-09,Anime Mystery Box,3,60,180,0,0,180,Florida
SS7136,2024-12-09,Jujutsu Kaisen Keychain,1,8,8,0.63,0,7.37,Virginia
SS7137,2024-12-09,Attack on Titan T-Shirt,3,28,84,0,0,84,Texas
SS7138,2024-12-09,Naruto Hoodie,2,55,110,0,0,110,Texas
SS7139,2024-12-09,One Piece Figure,3,35,105,0,0,105,California
SS7140,2024-12-09,Naruto Hoodie,3,55,165,0,0,165,Texas
SS7141,2024-12-10,Naruto Hoodie,1,55,55,0,0,55,New Jersey
SS7142,2024-12-10,Jujutsu Kaisen Keychain,3,8,24,0,0,24,Washington
SS7143,2024-12-10,Anime Mystery Box,2,60,120,0,0,120,Virginia
SS7144,2024-12-10,One Piece Figure,2,35,70,0,70,0,Florida
SS7145,2024-12-10,My Hero Academia Backpack,3,48,144,0,0,144,North Carolina
SS7146,2024-12-10,My Hero Academia Backpack,1,48,48,0,0,48,Georgia
SS7147,2024-12-10,Naruto Hoodie,3,55,165,0,0,165,Texas
SS7148,2024-12-10,One Piece Figure,3,35,105,0,0,105,New Jersey
SS7149,2024-12-10,Dragon Ball Z Hat,3,22,66,0,66,0,Nevada
SS7150,2024-12-10,My Hero Academia Backpack,1,48,48,7.29,0,40.71,Pennsylvania
SS7151,2024-12-10,Attack on Titan T-Shirt,2,28,56,6.92,0,49.08,Florida
SS7152,2024-12-11,Anime Mystery Box,1,60,60,6.21,0,53.79,Florida
SS7153,2024-12-11,Attack on Titan T-Shirt,1,28,28,0,0,28,Florida
SS7154,2024-12-11,One Piece Figure,3,35,105,0,0,105,Texas
SS7155,2024-12-11,Naruto Hoodie,1,55,55,6.1,48.9,0,North Carolina
SS7156,2024-12-11,Dragon Ball Z Hat,1,22,22,0,0,22,Texas
SS7157,2024-12-11,Attack on Titan T-Shirt,1,28,28,2.59,0,25.41,Texas
SS7158,2024-12-12,Naruto Hoodie,1,55,55,0,55,0,Missouri
SS7159,2024-12-12,Naruto Hoodie,2,55,110,0,0,110,Texas
SS7160,2024-12-12,Naruto Hoodie,1,55,55,0,0,55,Florida
SS7161,2024-12-12,Naruto Hoodie,3,55,165,0,0,165,Indiana
SS7162,2024-12-12,Naruto Hoodie,1,55,55,0,0,55,Indiana
SS7163,2024-12-12,Attack on Titan T-Shirt,1,28,28,0,0,28,Washington
SS7164,2024-12-12,Jujutsu Kaisen Keychain,1,8,8,0,0,8,Tennessee
SS7165,2024-12-12,Anime Mystery Box,2,60,120,0,0,120,Florida
SS7166,2024-12-12,Naruto Hoodie,3,55,165,0,0,165,Florida
SS7167,2024-12-12,Naruto Hoodie,2,55,110,0,0,110,Texas
SS7168,2024-12-12,Jujutsu Kaisen Keychain,2,8,16,0,0,16,Missouri
SS7169,2024-12-12,My Hero Academia Backpack,1,48,48,0,0,48,Texas
SS7170,2024-12-12,Anime Mystery Box,3,60,180,0,0,180,Florida
SS7171,2024-12-12,Anime Mystery Box,3,60,180,0,0,180,New York
SS7172,2024-12-12,Dragon Ball Z Hat,3,22,66,0,0,66,Florida
SS7173,2024-12-12,Anime Mystery Box,2,60,120,0,0,120,North Carolina
SS7174,2024-12-13,Jujutsu Kaisen Keychain,1,8,8,0,0,8,Texas
SS7175,2024-12-13,Attack on Titan T-Shirt,3,28,84,9.36,0,74.64,California
SS7176,2024-12-13,Naruto Hoodie,2,55,110,0,0,110,California
SS7177,2024-12-13,Naruto Hoodie,2,55,110,0,0,110,California
SS7178,2024-12-13,One Piece Figure,3,35,105,0,0,105,California
SS7179,2024-12-13,Anime Mystery Box,1,60,60,0,0,60,Florida
SS7180,2024-12-13,My Hero Academia Backpack,3,48,144,0,0,144,Texas
SS7181,2024-12-13,Naruto Hoodie,1,55,55,0,0,55,Florida
SS7182,2024-12-13,Dragon Ball Z Hat,3,22,66,0,0,66,Texas
SS7183,2024-12-13,Dragon Ball Z Hat,1,22,22,0,0,22,Texas
SS7184,2024-12-13,Jujutsu Kaisen Keychain,3,8,24,0,0,24,Texas
SS7185,2024-12-13,Demon Slayer Poster,3,15,45,0,0,45,Florida
SS7186,2024-12-13,Naruto Hoodie,2,55,110,0,0,110,Texas
SS7187,2024-12-14,Naruto Hoodie,2,55,110,0,0,110,Texas
SS7188,2024-12-14,My Hero Academia Backpack,2,48,96,0,0,96,Texas
SS7189,2024-12-14,Anime Mystery Box,3,60,180,19.39,0,160.61,Florida
SS7190,2024-12-14,Dragon Ball Z Hat,2,22,44,0,0,44,California
SS7191,2024-12-14,Jujutsu Kaisen Keychain,3,8,24,0,0,24,California
SS7192,2024-12-14,Naruto Hoodie,3,55,165,0,0,165,North Carolina
SS7193,2024-12-14,Anime Mystery Box,2,60,120,0,0,120,Florida
SS7194,2024-12-14,Anime Mystery Box,3,60,180,0,0,180,North Carolina
SS7195,2024-12-14,Naruto Hoodie,3,55,165,0,0,165,North Carolina
SS7196,2024-12-14,Anime Mystery Box,1,60,60,0,0,60,Illinois
SS7197,2024-12-14,Anime Mystery Box,3,60,180,0,0,180,California
SS7198,2024-12-14,Naruto Hoodie,3,55,165,0,0,165,Florida
SS7199,2024-12-15,Anime Mystery Box,2,60,120,16.38,0,103.62,California
SS7200,2024-12-15,Anime Mystery Box,1,60,60,0,0,60,New York
SS7201,2024-12-15,Anime Mystery Box,1,60,60,0,60,0,Ohio
SS7202,2024-12-15,Dragon Ball Z Hat,1,22,22,0,0,22,Washington
SS7203,2024-12-15,Naruto Hoodie,3,55,165,0,0,165,Nevada
SS7204,2024-12-15,Attack on Titan T-Shirt,1,28,28,0,0,28,California
SS7205,2024-12-15,Naruto Hoodie,1,55,55,0,55,0,Texas
SS7206,2024-12-16,Naruto Hoodie,1,55,55,0,0,55,California
SS7207,2024-12-16,Anime Mystery Box,2,60,120,20.34,0,99.66,Nevada
SS7208,2024-12-16,Naruto Hoodie,3,55,165,0,0,165,Texas
SS7209,2024-12-16,Naruto Hoodie,2,55,110,0,0,110,Texas
SS7210,2024-12-16,Demon Slayer Poster,1,15,15,0,0,15,Florida
SS7211,2024-12-16,Naruto Hoodie,2,55,110,21.83,0,88.17,New Jersey
SS7212,2024-12-16,Jujutsu Kaisen Keychain,3,8,24,0,0,24,California
SS7213,2024-12-16,Dragon Ball Z Hat,3,22,66,0,0,66,Missouri
SS7214,2024-12-16,Anime Mystery Box,3,60,180,0,0,180,California
SS7215,2024-12-16,Anime Mystery Box,3,60,180,0,0,180,Texas
SS7216,2024-12-16,Attack on Titan T-Shirt,1,28,28,0,0,28,Florida
SS7217,2024-12-17,Anime Mystery Box,3,60,180,0,0,180,Virginia
SS7218,2024-12-17,Jujutsu Kaisen Keychain,3,8,24,0,0,24,North Carolina
SS7219,2024-12-17,Naruto Hoodie,1,55,55,0,0,55,California
SS7220,2024-12-17,My Hero Academia Backpack,2,48,96,18.32,0,77.68,Georgia
SS7221,2024-12-17,Anime Mystery Box,2,60,120,0,0,120,California
SS7222,2024-12-17,Attack on Titan T-Shirt,3,28,84,0,0,84,Ohio
SS7223,2024-12-17,Dragon Ball Z Hat,1,22,22,0,0,22,Texas
SS7224,2024-12-17,Naruto Hoodie,2,55,110,14.79,0,95.21,Texas
SS7225,2024-12-17,Dragon Ball Z Hat,3,22,66,0,0,66,Florida
SS7226,2024-12-17,Naruto Hoodie,3,55,165,0,0,165,Florida
SS7227,2024-12-17,Anime Mystery Box,2,60,120,0,0,120,North Carolina
SS7228,2024-12-17,Naruto Hoodie,2,55,110,0,0,110,California
SS7229,2024-12-17,Jujutsu Kaisen Keychain,2,8,16,0,0,16,Georgia
SS7230,2024-12-17,Dragon Ball Z Hat,2,22,44,0,0,44,Texas
SS7231,2024-12-17,My Hero Academia Backpack,1,48,48,0,0,48,California
SS7232,2024-12-17,Jujutsu Kaisen Keychain,1,8,8,0,0,8,California
SS7233,2024-12-18,My Hero Academia Backpack,1,48,48,2.78,0,45.22,New Jersey
SS7234,2024-12-18,Anime Mystery Box,3,60,180,29.36,0,150.64,Texas
SS7235,2024-12-18,Anime Mystery Box,2,60,120,0,120,0,California
SS7236,2024-12-18,One Piece Figure,2,35,70,8.59,0,61.41,Colorado
SS7237,2024-12-18,Anime Mystery Box,3,60,180,0,0,180,Florida
SS7238,2024-12-18,Anime Mystery Box,1,60,60,0,0,60,New York
SS7239,2024-12-18,Naruto Hoodie,3,55,165,20.71,0,144.29,Nevada
SS7240,2024-12-18,Attack on Titan T-Shirt,3,28,84,0,0,84,Tennessee
SS7241,2024-12-18,Anime Mystery Box,2,60,120,13.6,0,106.4,Florida
SS7242,2024-12-18,Anime Mystery Box,3,60,180,0,0,180,Ohio
SS7243,2024-12-18,Naruto Hoodie,3,55,165,14.98,150.02,0,Michigan
SS7244,2024-12-18,Anime Mystery Box,1,60,60,6.99,0,53.01,Florida
SS7245,2024-12-19,Anime Mystery Box,2,60,120,0,0,120,Pennsylvania
SS7246,2024-12-19,Demon Slayer Poster,3,15,45,4.99,0,40.01,Missouri
SS7247,2024-12-19,Anime Mystery Box,2,60,120,8.16,0,111.84,California
SS7248,2024-12-19,Naruto Hoodie,1,55,55,0,0,55,Florida
SS7249,2024-12-19,Attack on Titan T-Shirt,1,28,28,0,0,28,Florida
SS7250,2024-12-19,Naruto Hoodie,2,55,110,0,0,110,California
SS7251,2024-12-19,Naruto Hoodie,1,55,55,0,0,55,Florida
SS7252,2024-12-19,Naruto Hoodie,3,55,165,0,165,0,New York
SS7253,2024-12-19,One Piece Figure,3,35,105,0,0,105,California
SS7254,2024-12-19,Naruto Hoodie,3,55,165,9.31,0,155.69,Massachusetts
SS7255,2024-12-19,Anime Mystery Box,3,60,180,0,0,180,Florida
SS7256,2024-12-20,Jujutsu Kaisen Keychain,2,8,16,2.02,0,13.98,California
SS7257,2024-12-20,Anime Mystery Box,2,60,120,0,0,120,California
SS7258,2024-12-20,Anime Mystery Box,3,60,180,27.36,0,152.64,Texas
SS7259,2024-12-20,Anime Mystery Box,3,60,180,0,0,180,Massachusetts
SS7260,2024-12-20,Naruto Hoodie,1,55,55,0,0,55,Georgia
SS7261,2024-12-20,Anime Mystery Box,1,60,60,11.41,0,48.59,North Carolina
SS7262,2024-12-20,Demon Slayer Poster,1,15,15,0,0,15,Washington
SS7263,2024-12-20,Jujutsu Kaisen Keychain,2,8,16,0,0,16,Florida
SS7264,2024-12-20,Anime Mystery Box,1,60,60,0,60,0,Texas
SS7265,2024-12-20,Demon Slayer Poster,1,15,15,0,0,15,Florida
SS7266,2024-12-20,Anime Mystery Box,3,60,180,0,0,180,Tennessee
SS7267,2024-12-20,Naruto Hoodie,1,55,55,0,0,55,Pennsylvania
SS7268,2024-12-20,Dragon Ball Z Hat,3,22,66,6.2,0,59.8,Texas
SS7269,2024-12-20,Naruto Hoodie,1,55,55,0,55,0,Texas
SS7270,2024-12-20,Attack on Titan T-Shirt,2,28,56,0,0,56,North Carolina
SS7271,2024-12-21,Anime Mystery Box,3,60,180,0,0,180,California
SS7272,2024-12-21,Anime Mystery Box,3,60,180,28.42,0,151.58,California
SS7273,2024-12-21,Naruto Hoodie,1,55,55,0,0,55,Florida
SS7274,2024-12-21,Jujutsu Kaisen Keychain,3,8,24,0,24,0,California
SS7275,2024-12-21,Anime Mystery Box,2,60,120,0,0,120,California
SS7276,2024-12-21,Naruto Hoodie,2,55,110,12.38,0,97.62,Michigan
SS7277,2024-12-21,Attack on Titan T-Shirt,1,28,28,0,0,28,Florida
SS7278,2024-12-21,Attack on Titan T-Shirt,2,28,56,7.11,0,48.89,Indiana
SS7279,2024-12-21,Anime Mystery Box,1,60,60,0,0,60,Tennessee
SS7280,2024-12-21,Attack on Titan T-Shirt,1,28,28,0,0,28,Texas
SS7281,2024-12-21,Attack on Titan T-Shirt,3,28,84,0,0,84,Virginia
SS7282,2024-12-21,Naruto Hoodie,3,55,165,0,0,165,Colorado
SS7283,2024-12-21,Naruto Hoodie,3,55,165,19.96,0,145.04,Missouri
SS7284,2024-12-21,Naruto Hoodie,1,55,55,0,0,55,Texas
SS7285,2024-12-22,Naruto Hoodie,1,55,55,9.67,0,45.33,Massachusetts
SS7286,2024-12-22,One Piece Figure,2,35,70,9.98,0,60.02,Texas
SS7287,2024-12-22,My Hero Academia Backpack,1,48,48,0,0,48,Virginia
SS7288,2024-12-22,My Hero Academia Backpack,3,48,144,0,0,144,Arizona
SS7289,2024-12-22,Jujutsu Kaisen Keychain,3,8,24,0,0,24,California
SS7290,2024-12-22,Anime Mystery Box,2,60,120,0,0,120,California
SS7291,2024-12-22,Demon Slayer Poster,1,15,15,1.32,0,13.68,Florida
SS7292,2024-12-22,One Piece Figure,3,35,105,0,0,105,California
SS7293,2024-12-22,Jujutsu Kaisen Keychain,3,8,24,0,24,0,Texas
SS7294,2024-12-22,Jujutsu Kaisen Keychain,2,8,16,0,16,0,Texas
SS7295,2024-12-22,Attack on Titan T-Shirt,3,28,84,0,0,84,Colorado
SS7296,2024-12-23,Anime Mystery Box,2,60,120,0,0,120,Florida
SS7297,2024-12-23,Naruto Hoodie,1,55,55,0,0,55,Tennessee
SS7298,2024-12-23,Demon Slayer Poster,1,15,15,1.16,0,13.84,Indiana
SS7299,2024-12-23,Naruto Hoodie,2,55,110,8.74,0,101.26,New York
SS7300,2024-12-23,Jujutsu Kaisen Keychain,3,8,24,0,0,24,Florida
SS7301,2024-12-23,Naruto Hoodie,2,55,110,0,0,110,Florida
SS7302,2024-12-23,Naruto Hoodie,2,55,110,7.23,0,102.77,Georgia
SS7303,2024-12-23,Jujutsu Kaisen Keychain,3,8,24,0,0,24,North Carolina
SS7304,2024-12-23,Naruto Hoodie,1,55,55,2.88,0,52.12,Ohio
SS7305,2024-12-23,Anime Mystery Box,2,60,120,0,0,120,Florida
SS7306,2024-12-23,Jujutsu Kaisen Keychain,3,8,24,0,0,24,Missouri
SS7307,2024-12-23,Naruto Hoodie,2,55,110,0,0,110,California
SS7308,2024-12-24,Demon Slayer Poster,3,15,45,0,0,45,California
SS7309,2024-12-24,Dragon Ball Z Hat,3,22,66,0,0,66,Texas
SS7310,2024-12-24,One Piece Figure,3,35,105,0,0,105,Florida
SS7311,2024-12-24,Demon Slayer Poster,2,15,30,0,0,30,Pennsylvania
SS7312,2024-12-24,One Piece Figure,2,35,70,0,0,70,Texas
SS7313,2024-12-24,Naruto Hoodie,3,55,165,0,165,0,Virginia
SS7314,2024-12-24,Naruto Hoodie,2,55,110,0,0,110,Texas
SS7315,2024-12-24,Demon Slayer Poster,3,15,45,0,0,45,Ohio
SS7316,2024-12-24,Jujutsu Kaisen Keychain,2,8,16,2.58,13.42,0,Colorado
SS7317,2024-12-24,Naruto Hoodie,3,55,165,0,0,165,Michigan
SS7318,2024-12-24,My Hero Academia Backpack,3,48,144,0,0,144,Texas
SS7319,2024-12-24,Dragon Ball Z Hat,3,22,66,12.42,0,53.58,Texas
SS7320,2024-12-24,Jujutsu Kaisen Keychain,3,8,24,0,0,24,Florida
SS7321,2024-12-24,Demon Slayer Poster,1,15,15,0,0,15,Texas
SS7322,2024-12-24,One Piece Figure,3,35,105,18.6,0,86.4,California
SS7323,2024-12-24,Anime Mystery Box,3,60,180,0,0,180,Florida
SS7324,2024-12-24,Anime Mystery Box,2,60,120,11.49,0,108.51,New York
SS7325,2024-12-25,Anime Mystery Box,2,60,120,16.63,103.37,0,Washington
SS7326,2024-12-25,Attack on Titan T-Shirt,2,28,56,0,0,56,Florida
SS7327,2024-12-25,Anime Mystery Box,1,60,60,0,0,60,Virginia
SS7328,2024-12-25,Anime Mystery Box,1,60,60,0,0,60,New York
SS7329,2024-12-25,Jujutsu Kaisen Keychain,3,8,24,0,0,24,Texas
SS7330,2024-12-25,Anime Mystery Box,1,60,60,11.92,0,48.08,Texas
SS7331,2024-12-25,Demon Slayer Poster,2,15,30,0,0,30,Florida
SS7332,2024-12-25,Naruto Hoodie,1,55,55,9.11,0,45.89,Ohio
SS7333,2024-12-25,Naruto Hoodie,1,55,55,0,0,55,California
SS7334,2024-12-25,Demon Slayer Poster,1,15,15,0,0,15,Texas
SS7335,2024-12-25,Naruto Hoodie,2,55,110,0,0,110,Tennessee
SS7336,2024-12-25,Dragon Ball Z Hat,2,22,44,0,0,44,California
SS7337,2024-12-25,Attack on Titan T-Shirt,2,28,56,0,0,56,Illinois
SS7338,2024-12-25,Anime Mystery Box,3,60,180,0,0,180,Florida
SS7339,2024-12-25,Demon Slayer Poster,2,15,30,0,0,30,Massachusetts
SS7340,2024-12-26,Anime Mystery Box,1,60,60,11.27,0,48.73,Illinois
SS7341,2024-12-26,One Piece Figure,1,35,35,0,0,35,Michigan
SS7342,2024-12-26,Anime Mystery Box,3,60,180,0,0,180,Texas
SS7343,2024-12-26,Demon Slayer Poster,1,15,15,0,0,15,California
SS7344,2024-12-26,Naruto Hoodie,2,55,110,17.66,0,92.34,Texas
SS7345,2024-12-26,Jujutsu Kaisen Keychain,3,8,24,0,0,24,Georgia
SS7346,2024-12-26,Anime Mystery Box,1,60,60,5.15,0,54.85,Washington
SS7347,2024-12-26,Anime Mystery Box,3,60,180,0,0,180,California
SS7348,2024-12-26,Anime Mystery Box,1,60,60,7.32,0,52.68,California
SS7349,2024-12-26,Anime Mystery Box,3,60,180,0,0,180,Florida
SS7350,2024-12-26,Dragon Ball Z Hat,2,22,44,0,0,44,California
SS7351,2024-12-26,Naruto Hoodie,3,55,165,0,0,165,Texas
SS7352,2024-12-26,Jujutsu Kaisen Keychain,3,8,24,0,0,24,North Carolina
SS7353,2024-12-26,Anime Mystery Box,3,60,180,0,0,180,Florida
SS7354,2024-12-27,Dragon Ball Z Hat,1,22,22,0,0,22,Florida
SS7355,2024-12-27,Anime Mystery Box,3,60,180,0,0,180,Arizona
SS7356,2024-12-27,Anime Mystery Box,1,60,60,0,60,0,Nevada
SS7357,2024-12-27,My Hero Academia Backpack,3,48,144,0,0,144,Texas
SS7358,2024-12-27,Anime Mystery Box,1,60,60,0,60,0,California
SS7359,2024-12-27,Demon Slayer Poster,3,15,45,6.27,0,38.73,Florida
SS7360,2024-12-27,My Hero Academia Backpack,2,48,96,0,0,96,Florida
SS7361,2024-12-27,My Hero Academia Backpack,2,48,96,0,0,96,Texas
SS7362,2024-12-27,Naruto Hoodie,1,55,55,0,0,55,Texas
SS7363,2024-12-27,Attack on Titan T-Shirt,3,28,84,12.5,0,71.5,New Jersey
SS7364,2024-12-27,Dragon Ball Z Hat,1,22,22,0,0,22,California
SS7365,2024-12-27,Attack on Titan T-Shirt,1,28,28,4.11,0,23.89,Texas
SS7366,2024-12-27,Dragon Ball Z Hat,3,22,66,0,0,66,Florida
SS7367,2024-12-27,Anime Mystery Box,1,60,60,0,0,60,Georgia
SS7368,2024-12-27,Anime Mystery Box,3,60,180,0,0,180,Indiana
SS7369,2024-12-27,My Hero Academia Backpack,3,48,144,23.52,0,120.48,Florida
SS7370,2024-12-28,My Hero Academia Backpack,3,48,144,8,0,136,California
SS7371,2024-12-28,Naruto Hoodie,3,55,165,0,0,165,Florida
SS7372,2024-12-28,Anime Mystery Box,1,60,60,0,0,60,Texas
SS7373,2024-12-28,Jujutsu Kaisen Keychain,3,8,24,0,0,24,Ohio
SS7374,2024-12-28,Naruto Hoodie,1,55,55,0,0,55,Nevada
SS7375,2024-12-28,One Piece Figure,1,35,35,0,0,35,California
SS7376,2024-12-28,Attack on Titan T-Shirt,2,28,56,0,56,0,Virginia
SS7377,2024-12-28,One Piece Figure,2,35,70,0,0,70,Georgia
SS7378,2024-12-28,Jujutsu Kaisen Keychain,1,8,8,0.45,0,7.55,California
SS7379,2024-12-28,My Hero Academia Backpack,1,48,48,0,0,48,Texas
SS7380,2024-12-28,Demon Slayer Poster,1,15,15,2.66,0,12.34,Texas
SS7381,2024-12-28,My Hero Academia Backpack,3,48,144,27.59,0,116.41,Texas
SS7382,2024-12-28,My Hero Academia Backpack,1,48,48,0,0,48,Ohio
SS7383,2024-12-28,Naruto Hoodie,1,55,55,0,0,55,California
SS7384,2024-12-28,Naruto Hoodie,1,55,55,3.76,0,51.24,Missouri
SS7385,2024-12-28,One Piece Figure,3,35,105,0,0,105,California
SS7386,2024-12-28,Naruto Hoodie,1,55,55,0,0,55,California
SS7387,2024-12-29,Anime Mystery Box,1,60,60,0,0,60,Texas
SS7388,2024-12-29,Jujutsu Kaisen Keychain,1,8,8,0,0,8,Texas
SS7389,2024-12-29,Naruto Hoodie,3,55,165,21.29,0,143.71,Colorado
SS7390,2024-12-29,One Piece Figure,1,35,35,0,0,35,Florida
SS7391,2024-12-29,Demon Slayer Poster,3,15,45,5.34,0,39.66,California
SS7392,2024-12-29,Dragon Ball Z Hat,1,22,22,2.44,0,19.56,Indiana
SS7393,2024-12-29,Demon Slayer Poster,1,15,15,2.56,0,12.44,Florida
SS7394,2024-12-29,Anime Mystery Box,1,60,60,0,0,60,Tennessee
SS7395,2024-12-29,Anime Mystery Box,3,60,180,0,0,180,Michigan
SS7396,2024-12-29,Anime Mystery Box,1,60,60,0,0,60,California
SS7397,2024-12-29,Naruto Hoodie,3,55,165,16.92,0,148.08,Texas
SS7398,2024-12-29,Anime Mystery Box,2,60,120,22.39,0,97.61,Colorado
SS7399,2024-12-30,Naruto Hoodie,3,55,165,0,0,165,Texas
SS7400,2024-12-30,My Hero Academia Backpack,3,48,144,0,0,144,Ohio
SS7401,2024-12-30,My Hero Academia Backpack,2,48,96,0,0,96,Texas
SS7402,2024-12-30,Dragon Ball Z Hat,2,22,44,0,44,0,Florida
SS7403,2024-12-30,Naruto Hoodie,2,55,110,0,0,110,Florida
SS7404,2024-12-30,Naruto Hoodie,3,55,165,24.29,0,140.71,California
SS7405,2024-12-30,Attack on Titan T-Shirt,3,28,84,0,0,84,Florida
SS7406,2024-12-30,Anime Mystery Box,1,60,60,0,0,60,Florida
SS7407,2024-12-30,Naruto Hoodie,1,55,55,0,0,55,Texas
SS7408,2024-12-30,Naruto Hoodie,3,55,165,0,0,165,New Jersey
SS7409,2024-12-30,Attack on Titan T-Shirt,1,28,28,0,0,28,Arizona
SS7410,2024-12-30,Naruto Hoodie,3,55,165,0,0,165,New Jersey
SS7411,2024-12-30,My Hero Academia Backpack,2,48,96,0,0,96,Texas
SS7412,2024-12-31,Demon Slayer Poster,1,15,15,0,0,15,Florida
SS7413,2024-12-31,My Hero Academia Backpack,3,48,144,0,0,144,Texas
SS7414,2024-12-31,Anime Mystery Box,1,60,60,0,0,60,Florida
SS7415,2024-12-31,Demon Slayer Poster,2,15,30,0,30,0,Illinois
SS7416,2024-12-31,Anime Mystery Box,1,60,60,0,0,60,Georgia
SS7417,2024-12-31,Anime Mystery Box,2,60,120,0,0,120,Florida
